--BORRA TODO EN LA BD
    --BORRA TABLAS MUCHOS A MUCHOS
DELETE FROM PREFERENCIACATEGORIA;
DELETE FROM PREFERENCIAZONA;
DELETE FROM CONDICIONZONA;
DELETE FROM CONDICIONTECNICA;
    --BORRA ENTIDADES INDEPENDIENTES
DELETE FROM CATEGORIA;
DELETE FROM CUENTA;
DELETE FROM PREFERENCIA;
DELETE FROM PRODUCTO;
DELETE FROM INGREDIENTE;
DELETE FROM USUARIO;
DELETE FROM TIPOSDEPLATO;
DELETE FROM ROL;
DELETE FROM ZONA;
    --

--REINICIA LAS SECUENCIAS


DROP SEQUENCE IDINGREDIENTE;

create sequence IDINGREDIENTE
minvalue 1
maxvalue 999999999999999999999
start with 101
increment by 1;

DROP SEQUENCE IDPRODUCTO;

create sequence IDPRODUCTO
minvalue 1
maxvalue 999999999999999999999
start with 101
increment by 1;

DROP SEQUENCE IDUSUARIO;

create sequence IDUSUARIO
minvalue 1
maxvalue 999999999999999999999
start with 221
increment by 1;

commit;

--DEFAULT


--CREACIÓN EN EL ORDEN DADO
--ROL (SOLO SE PUEDE INSERTAR ORGANIZADORES)
INSERT INTO ROL VALUES ('LOCAL');
INSERT INTO ROL VALUES ('CLIENTE');
INSERT INTO ROL VALUES ('OPERADOR');
INSERT INTO ROL VALUES ('PROVEEDOR');

--TIPOS_DE_PLATO (SOLO SE PUEDE INSERTAR BEBIDA)
INSERT INTO TIPOSDEPLATO VALUES ('ACOMPAÑAMIENTO');
INSERT INTO TIPOSDEPLATO VALUES ('PLATO FUERTE');
INSERT INTO TIPOSDEPLATO VALUES ('ENTRADA');
INSERT INTO TIPOSDEPLATO VALUES ('POSTRE');

--CONDICIONES TÉCNICAS DIFERENTES
INSERT INTO CONDICIONTECNICA VALUES ('TIENE RAMPAS');
INSERT INTO CONDICIONTECNICA VALUES ('ESCALERAS');
INSERT INTO CONDICIONTECNICA VALUES ('ESPACIO DE LISIADOS');
INSERT INTO CONDICIONTECNICA VALUES ('AIRE LIBRE');
INSERT INTO CONDICIONTECNICA VALUES ('TELEVISIONES');
INSERT INTO CONDICIONTECNICA VALUES ('VENTILADORES');
INSERT INTO CONDICIONTECNICA VALUES ('SIN CONDICIÓN');
INSERT INTO CONDICIONTECNICA VALUES ('MESEROS');
INSERT INTO CONDICIONTECNICA VALUES ('AUTOSERVICIO');
INSERT INTO CONDICIONTECNICA VALUES ('VARIOS');

--CATEGORÍAS DIFERENTES
INSERT INTO CATEGORIA VALUES ('MEXICANO');
INSERT INTO CATEGORIA VALUES ('AMERICANO');
INSERT INTO CATEGORIA VALUES ('EXPRÉS');
INSERT INTO CATEGORIA VALUES ('COLOMBIANO');
INSERT INTO CATEGORIA VALUES ('ITALIANO');
INSERT INTO CATEGORIA VALUES ('HINDÚ');
INSERT INTO CATEGORIA VALUES ('ÁRABE');
INSERT INTO CATEGORIA VALUES ('PICANTE');
INSERT INTO CATEGORIA VALUES ('DULCE');
INSERT INTO CATEGORIA VALUES ('RARO');

--INGREDIENTES
INSERT INTO INGREDIENTE (ID,NOMBRE,DESCRIPCION,TRADUCCION) VALUES (IDINGREDIENTE.NEXTVAL,'LteJVnratO','TvAfkQBQaP','rQoxkHgesM');
INSERT INTO INGREDIENTE (ID,NOMBRE,DESCRIPCION,TRADUCCION) VALUES (IDINGREDIENTE.NEXTVAL,'PSwrupOkUz','VEsSbeSuAC','BHvxDmkQMA');
INSERT INTO INGREDIENTE (ID,NOMBRE,DESCRIPCION,TRADUCCION) VALUES (IDINGREDIENTE.NEXTVAL,'WVmYKNmHJD','vVbGMeNzYz','nlCmqfJNIO');
INSERT INTO INGREDIENTE (ID,NOMBRE,DESCRIPCION,TRADUCCION) VALUES (IDINGREDIENTE.NEXTVAL,'ODponUePFq','AprNHGqgYK','HvNSXfHskp');
INSERT INTO INGREDIENTE (ID,NOMBRE,DESCRIPCION,TRADUCCION) VALUES (IDINGREDIENTE.NEXTVAL,'LAFDcdtvwc','XrjgtFXFYz','kfcQmvUdjT');
INSERT INTO INGREDIENTE (ID,NOMBRE,DESCRIPCION,TRADUCCION) VALUES (IDINGREDIENTE.NEXTVAL,'tfIcLPlejs','OPaqWMuEuN','wNJDwSfdbu');
INSERT INTO INGREDIENTE (ID,NOMBRE,DESCRIPCION,TRADUCCION) VALUES (IDINGREDIENTE.NEXTVAL,'pQpgYuewWw','ySzRcUYqNf','EOxGhKCmgf');
INSERT INTO INGREDIENTE (ID,NOMBRE,DESCRIPCION,TRADUCCION) VALUES (IDINGREDIENTE.NEXTVAL,'JyMmlLHVux','mJOJvlysua','PMYksdCSgP');
INSERT INTO INGREDIENTE (ID,NOMBRE,DESCRIPCION,TRADUCCION) VALUES (IDINGREDIENTE.NEXTVAL,'XRJyISkKJa','PhVhbLGtwA','jXCtrcRLzL');
INSERT INTO INGREDIENTE (ID,NOMBRE,DESCRIPCION,TRADUCCION) VALUES (IDINGREDIENTE.NEXTVAL,'LoRacuQpdI','RHPBhzvXlC','QQIwQJIScM');
INSERT INTO INGREDIENTE (ID,NOMBRE,DESCRIPCION,TRADUCCION) VALUES (IDINGREDIENTE.NEXTVAL,'zXRlyafpdf','tzKKzrJHOE','uwBTjnuMxU');
INSERT INTO INGREDIENTE (ID,NOMBRE,DESCRIPCION,TRADUCCION) VALUES (IDINGREDIENTE.NEXTVAL,'MIHlimtXUS','cvbkXhPWcQ','TpPYVWNsDa');
INSERT INTO INGREDIENTE (ID,NOMBRE,DESCRIPCION,TRADUCCION) VALUES (IDINGREDIENTE.NEXTVAL,'XzeFLslCky','OjqPJWSDtP','lTiXeBBSzQ');
INSERT INTO INGREDIENTE (ID,NOMBRE,DESCRIPCION,TRADUCCION) VALUES (IDINGREDIENTE.NEXTVAL,'VwTNfMjUfG','BamKzgPtdg','pakWIwModn');
INSERT INTO INGREDIENTE (ID,NOMBRE,DESCRIPCION,TRADUCCION) VALUES (IDINGREDIENTE.NEXTVAL,'IXoXrEaYGO','HmTrYCOYIg','FzuczkpJoP');
INSERT INTO INGREDIENTE (ID,NOMBRE,DESCRIPCION,TRADUCCION) VALUES (IDINGREDIENTE.NEXTVAL,'ESCMbgUMrW','FnJIPqtYIh','TFojEYQdml');
INSERT INTO INGREDIENTE (ID,NOMBRE,DESCRIPCION,TRADUCCION) VALUES (IDINGREDIENTE.NEXTVAL,'xXgmhyCafx','BlujGkuTWn','auShYkCLsw');
INSERT INTO INGREDIENTE (ID,NOMBRE,DESCRIPCION,TRADUCCION) VALUES (IDINGREDIENTE.NEXTVAL,'ECUelBuFgv','aSNKnxoUbq','oBhyShIKHG');
INSERT INTO INGREDIENTE (ID,NOMBRE,DESCRIPCION,TRADUCCION) VALUES (IDINGREDIENTE.NEXTVAL,'PvtjYnbMze','LqhnTuSMVy','pJhmAzbMlm');
INSERT INTO INGREDIENTE (ID,NOMBRE,DESCRIPCION,TRADUCCION) VALUES (IDINGREDIENTE.NEXTVAL,'fplYMJQYyf','CBzxGYPoXx','IImIOAstOD');
INSERT INTO INGREDIENTE (ID,NOMBRE,DESCRIPCION,TRADUCCION) VALUES (IDINGREDIENTE.NEXTVAL,'TWtKCnudKg','PGudesGdbG','qYYGOAGcIG');
INSERT INTO INGREDIENTE (ID,NOMBRE,DESCRIPCION,TRADUCCION) VALUES (IDINGREDIENTE.NEXTVAL,'yPGgTzTMmq','GTpgMgzvXR','qrUezKypYX');
INSERT INTO INGREDIENTE (ID,NOMBRE,DESCRIPCION,TRADUCCION) VALUES (IDINGREDIENTE.NEXTVAL,'ywpxdfUBJX','vrjqhkFKfu','YSWMpKgtux');
INSERT INTO INGREDIENTE (ID,NOMBRE,DESCRIPCION,TRADUCCION) VALUES (IDINGREDIENTE.NEXTVAL,'norTrVslIP','smxcCVNPNI','ScMhOAtVtC');
INSERT INTO INGREDIENTE (ID,NOMBRE,DESCRIPCION,TRADUCCION) VALUES (IDINGREDIENTE.NEXTVAL,'yyrneDdNDo','SxXVKKWxsN','PySbwCYPog');

--ZONAS
INSERT INTO ZONA (NOMBRE,CAPACIDAD,INGRESOESPECIAL,ABIERTAACTUALMENTE, CAPACIDADOCUPADA) VALUES ('akAeuglKrg',13,0,0,3);
INSERT INTO ZONA (NOMBRE,CAPACIDAD,INGRESOESPECIAL,ABIERTAACTUALMENTE, CAPACIDADOCUPADA) VALUES ('bqihqMzdMu',35,0,0,25);
INSERT INTO ZONA (NOMBRE,CAPACIDAD,INGRESOESPECIAL,ABIERTAACTUALMENTE, CAPACIDADOCUPADA) VALUES ('SswiuxQjlF',38,0,1,28);
INSERT INTO ZONA (NOMBRE,CAPACIDAD,INGRESOESPECIAL,ABIERTAACTUALMENTE, CAPACIDADOCUPADA) VALUES ('KFqPPSTnlb',38,1,0,28);
INSERT INTO ZONA (NOMBRE,CAPACIDAD,INGRESOESPECIAL,ABIERTAACTUALMENTE, CAPACIDADOCUPADA) VALUES ('dLwHBJOPTm',33,1,0,23);
INSERT INTO ZONA (NOMBRE,CAPACIDAD,INGRESOESPECIAL,ABIERTAACTUALMENTE, CAPACIDADOCUPADA) VALUES ('XpajyVbxeY',44,0,0,34);
INSERT INTO ZONA (NOMBRE,CAPACIDAD,INGRESOESPECIAL,ABIERTAACTUALMENTE, CAPACIDADOCUPADA) VALUES ('pAcUWrLaev',25,1,0,15);
INSERT INTO ZONA (NOMBRE,CAPACIDAD,INGRESOESPECIAL,ABIERTAACTUALMENTE, CAPACIDADOCUPADA) VALUES ('OcwSyvMKJP',39,1,1,29);
INSERT INTO ZONA (NOMBRE,CAPACIDAD,INGRESOESPECIAL,ABIERTAACTUALMENTE, CAPACIDADOCUPADA) VALUES ('VvQPnOthAq',20,1,0,10);
INSERT INTO ZONA (NOMBRE,CAPACIDAD,INGRESOESPECIAL,ABIERTAACTUALMENTE, CAPACIDADOCUPADA) VALUES ('uoevGHKFsI',43,1,0,33);
INSERT INTO ZONA (NOMBRE,CAPACIDAD,INGRESOESPECIAL,ABIERTAACTUALMENTE, CAPACIDADOCUPADA) VALUES ('TWyLMLFLqX',37,1,0,27);
INSERT INTO ZONA (NOMBRE,CAPACIDAD,INGRESOESPECIAL,ABIERTAACTUALMENTE, CAPACIDADOCUPADA) VALUES ('enJQNGoDxo',47,0,1,37);
INSERT INTO ZONA (NOMBRE,CAPACIDAD,INGRESOESPECIAL,ABIERTAACTUALMENTE, CAPACIDADOCUPADA) VALUES ('LDUtronwxb',12,0,0,2);
INSERT INTO ZONA (NOMBRE,CAPACIDAD,INGRESOESPECIAL,ABIERTAACTUALMENTE, CAPACIDADOCUPADA) VALUES ('uVORahKiRa',27,1,1,17);
INSERT INTO ZONA (NOMBRE,CAPACIDAD,INGRESOESPECIAL,ABIERTAACTUALMENTE, CAPACIDADOCUPADA) VALUES ('NfjdsSkaiG',22,0,0,12);
INSERT INTO ZONA (NOMBRE,CAPACIDAD,INGRESOESPECIAL,ABIERTAACTUALMENTE, CAPACIDADOCUPADA) VALUES ('jKUbuYswnQ',43,1,1,33);
INSERT INTO ZONA (NOMBRE,CAPACIDAD,INGRESOESPECIAL,ABIERTAACTUALMENTE, CAPACIDADOCUPADA) VALUES ('QXTWGiNHlW',35,0,1,25);
INSERT INTO ZONA (NOMBRE,CAPACIDAD,INGRESOESPECIAL,ABIERTAACTUALMENTE, CAPACIDADOCUPADA) VALUES ('wPFJcJJjnN',14,0,1,4);
INSERT INTO ZONA (NOMBRE,CAPACIDAD,INGRESOESPECIAL,ABIERTAACTUALMENTE, CAPACIDADOCUPADA) VALUES ('WEFzoADfIX',23,1,0,13);
INSERT INTO ZONA (NOMBRE,CAPACIDAD,INGRESOESPECIAL,ABIERTAACTUALMENTE, CAPACIDADOCUPADA) VALUES ('szsmifziPw',37,1,0,27);
INSERT INTO ZONA (NOMBRE,CAPACIDAD,INGRESOESPECIAL,ABIERTAACTUALMENTE, CAPACIDADOCUPADA) VALUES ('ufBMtNmita',39,1,1,29);
INSERT INTO ZONA (NOMBRE,CAPACIDAD,INGRESOESPECIAL,ABIERTAACTUALMENTE, CAPACIDADOCUPADA) VALUES ('VjYeeESoor',7,1,1,0);
INSERT INTO ZONA (NOMBRE,CAPACIDAD,INGRESOESPECIAL,ABIERTAACTUALMENTE, CAPACIDADOCUPADA) VALUES ('XAEIJSwfpA',38,0,0,28);
INSERT INTO ZONA (NOMBRE,CAPACIDAD,INGRESOESPECIAL,ABIERTAACTUALMENTE, CAPACIDADOCUPADA) VALUES ('NElLszKwDp',10,0,1,0);
INSERT INTO ZONA (NOMBRE,CAPACIDAD,INGRESOESPECIAL,ABIERTAACTUALMENTE, CAPACIDADOCUPADA) VALUES ('KtTvQqcxsu',11,0,1,1);


--CONDICIONESZONA
INSERT INTO CONDICIONZONA VALUES ('SIN CONDICIÓN','akAeuglKrg');
INSERT INTO CONDICIONZONA VALUES ('ESCALERAS','akAeuglKrg');
INSERT INTO CONDICIONZONA VALUES ('AUTOSERVICIO','akAeuglKrg');
INSERT INTO CONDICIONZONA VALUES ('SIN CONDICIÓN','bqihqMzdMu');
INSERT INTO CONDICIONZONA VALUES ('MESEROS','dLwHBJOPTm');
INSERT INTO CONDICIONZONA VALUES ('AUTOSERVICIO','XpajyVbxeY');
INSERT INTO CONDICIONZONA VALUES ('VENTILADORES','XpajyVbxeY');
INSERT INTO CONDICIONZONA VALUES ('TELEVISIONES','XpajyVbxeY');
INSERT INTO CONDICIONZONA VALUES ('AIRE LIBRE','pAcUWrLaev');
INSERT INTO CONDICIONZONA VALUES ('ESPACIO DE LISIADOS','pAcUWrLaev');
INSERT INTO CONDICIONZONA VALUES ('TELEVISIONES','pAcUWrLaev');
INSERT INTO CONDICIONZONA VALUES ('MESEROS','OcwSyvMKJP');
INSERT INTO CONDICIONZONA VALUES ('ESPACIO DE LISIADOS','OcwSyvMKJP');
INSERT INTO CONDICIONZONA VALUES ('AUTOSERVICIO','VvQPnOthAq');
INSERT INTO CONDICIONZONA VALUES ('ESCALERAS','VvQPnOthAq');
INSERT INTO CONDICIONZONA VALUES ('ESPACIO DE LISIADOS','VvQPnOthAq');
INSERT INTO CONDICIONZONA VALUES ('SIN CONDICIÓN','VvQPnOthAq');
INSERT INTO CONDICIONZONA VALUES ('ESPACIO DE LISIADOS','uoevGHKFsI');
INSERT INTO CONDICIONZONA VALUES ('ESCALERAS','uoevGHKFsI');
INSERT INTO CONDICIONZONA VALUES ('TELEVISIONES','uoevGHKFsI');
INSERT INTO CONDICIONZONA VALUES ('AIRE LIBRE','uoevGHKFsI');
INSERT INTO CONDICIONZONA VALUES ('ESPACIO DE LISIADOS','TWyLMLFLqX');
INSERT INTO CONDICIONZONA VALUES ('AIRE LIBRE','TWyLMLFLqX');
INSERT INTO CONDICIONZONA VALUES ('TIENE RAMPAS','TWyLMLFLqX');
INSERT INTO CONDICIONZONA VALUES ('TELEVISIONES','TWyLMLFLqX');
INSERT INTO CONDICIONZONA VALUES ('SIN CONDICIÓN','enJQNGoDxo');
INSERT INTO CONDICIONZONA VALUES ('SIN CONDICIÓN','NfjdsSkaiG');
INSERT INTO CONDICIONZONA VALUES ('ESCALERAS','NfjdsSkaiG');
INSERT INTO CONDICIONZONA VALUES ('MESEROS','NfjdsSkaiG');
INSERT INTO CONDICIONZONA VALUES ('TIENE RAMPAS','jKUbuYswnQ');
INSERT INTO CONDICIONZONA VALUES ('AIRE LIBRE','jKUbuYswnQ');
INSERT INTO CONDICIONZONA VALUES ('AUTOSERVICIO','jKUbuYswnQ');
INSERT INTO CONDICIONZONA VALUES ('VENTILADORES','jKUbuYswnQ');
INSERT INTO CONDICIONZONA VALUES ('VENTILADORES','QXTWGiNHlW');
INSERT INTO CONDICIONZONA VALUES ('AIRE LIBRE','QXTWGiNHlW');
INSERT INTO CONDICIONZONA VALUES ('MESEROS','QXTWGiNHlW');
INSERT INTO CONDICIONZONA VALUES ('ESCALERAS','wPFJcJJjnN');
INSERT INTO CONDICIONZONA VALUES ('MESEROS','wPFJcJJjnN');
INSERT INTO CONDICIONZONA VALUES ('VENTILADORES','WEFzoADfIX');
INSERT INTO CONDICIONZONA VALUES ('ESCALERAS','WEFzoADfIX');
INSERT INTO CONDICIONZONA VALUES ('AUTOSERVICIO','WEFzoADfIX');
INSERT INTO CONDICIONZONA VALUES ('AUTOSERVICIO','ufBMtNmita');
INSERT INTO CONDICIONZONA VALUES ('MESEROS','NElLszKwDp');
INSERT INTO CONDICIONZONA VALUES ('AUTOSERVICIO','NElLszKwDp');
INSERT INTO CONDICIONZONA VALUES ('VENTILADORES','NElLszKwDp');
INSERT INTO CONDICIONZONA VALUES ('TELEVISIONES','NElLszKwDp');
INSERT INTO CONDICIONZONA VALUES ('ESPACIO DE LISIADOS','KtTvQqcxsu');
INSERT INTO CONDICIONZONA VALUES ('MESEROS','KtTvQqcxsu');

--PRODUCTO
INSERT INTO PRODUCTO (ID,NOMBRE,TIPO,PERSONALIZABLE,PRECIO,DESCRIPCION,TRADUCCION,COSTOPRODUCCION,TIEMPO) VALUES (IDPRODUCTO.NEXTVAL,'bPVcoNnQRh','ACOMPAÑAMIENTO',1,902.656294105051,'fzDdDfgwKg','acgYBJSCzp',802.656294105051,22.23743986194988);
INSERT INTO PRODUCTO (ID,NOMBRE,TIPO,PERSONALIZABLE,PRECIO,DESCRIPCION,TRADUCCION,COSTOPRODUCCION,TIEMPO) VALUES (IDPRODUCTO.NEXTVAL,'NhLaeVzLCI','PLATO FUERTE',0,535.6961590558697,'JVKkVXlrSk','HXcfEDNngG',435.69615905586966,72.27922399241753);
INSERT INTO PRODUCTO (ID,NOMBRE,TIPO,PERSONALIZABLE,PRECIO,DESCRIPCION,TRADUCCION,COSTOPRODUCCION,TIEMPO) VALUES (IDPRODUCTO.NEXTVAL,'xrGBghyafW','PLATO FUERTE',1,335.4613203659546,'hUrAjVHrgO','JMBniQGnhI',235.46132036595458,12.780549027504119);
INSERT INTO PRODUCTO (ID,NOMBRE,TIPO,PERSONALIZABLE,PRECIO,DESCRIPCION,TRADUCCION,COSTOPRODUCCION,TIEMPO) VALUES (IDPRODUCTO.NEXTVAL,'IodJcPGJbu','ENTRADA',0,90.50793212040409,'eNzcHchcme','gYGXUhXibp',0.0,78.09615857349011);
INSERT INTO PRODUCTO (ID,NOMBRE,TIPO,PERSONALIZABLE,PRECIO,DESCRIPCION,TRADUCCION,COSTOPRODUCCION,TIEMPO) VALUES (IDPRODUCTO.NEXTVAL,'BHqSWRyjdA','PLATO FUERTE',1,730.9108568427158,'UIOtHinlfO','ovjrYCiYyr',630.9108568427158,1.9164568824559414);
INSERT INTO PRODUCTO (ID,NOMBRE,TIPO,PERSONALIZABLE,PRECIO,DESCRIPCION,TRADUCCION,COSTOPRODUCCION,TIEMPO) VALUES (IDPRODUCTO.NEXTVAL,'SgPSPwQyfl','ENTRADA',0,141.67710610230466,'KLnteXmLhM','PhoBuFxDKY',41.67710610230466,81.61600795896928);
INSERT INTO PRODUCTO (ID,NOMBRE,TIPO,PERSONALIZABLE,PRECIO,DESCRIPCION,TRADUCCION,COSTOPRODUCCION,TIEMPO) VALUES (IDPRODUCTO.NEXTVAL,'KFFRqgPdvU','ENTRADA',1,852.9737271551955,'aMYinHgKqs','eaeUgrvhjd',752.9737271551955,92.94275036230414);
INSERT INTO PRODUCTO (ID,NOMBRE,TIPO,PERSONALIZABLE,PRECIO,DESCRIPCION,TRADUCCION,COSTOPRODUCCION,TIEMPO) VALUES (IDPRODUCTO.NEXTVAL,'iCKGkITjkj','ENTRADA',0,154.12235062547563,'FjgflLeJIJ','MLtACgxjTM',54.12235062547563,80.62567888203097);
INSERT INTO PRODUCTO (ID,NOMBRE,TIPO,PERSONALIZABLE,PRECIO,DESCRIPCION,TRADUCCION,COSTOPRODUCCION,TIEMPO) VALUES (IDPRODUCTO.NEXTVAL,'awvfKkQPJE','ACOMPAÑAMIENTO',0,778.657164655147,'qvaOWBJdix','JVxRpYJmzP',678.657164655147,87.99441298636236);
INSERT INTO PRODUCTO (ID,NOMBRE,TIPO,PERSONALIZABLE,PRECIO,DESCRIPCION,TRADUCCION,COSTOPRODUCCION,TIEMPO) VALUES (IDPRODUCTO.NEXTVAL,'yJdDzpiFWS','ACOMPAÑAMIENTO',0,99.5564284530488,'oBnSHsDqqx','UFPKbDJiTs',0.0,78.81364639801315);
INSERT INTO PRODUCTO (ID,NOMBRE,TIPO,PERSONALIZABLE,PRECIO,DESCRIPCION,TRADUCCION,COSTOPRODUCCION,TIEMPO) VALUES (IDPRODUCTO.NEXTVAL,'HKOcXYpuJu','ENTRADA',0,195.51444229099334,'eAFYmrStWs','GyfExcMxep',95.51444229099334,26.243108356244637);
INSERT INTO PRODUCTO (ID,NOMBRE,TIPO,PERSONALIZABLE,PRECIO,DESCRIPCION,TRADUCCION,COSTOPRODUCCION,TIEMPO) VALUES (IDPRODUCTO.NEXTVAL,'ojSpqnJmoK','ACOMPAÑAMIENTO',0,654.9227290847022,'nekfceWoHb','heMfYPDsHj',554.9227290847022,40.20538455522069);
INSERT INTO PRODUCTO (ID,NOMBRE,TIPO,PERSONALIZABLE,PRECIO,DESCRIPCION,TRADUCCION,COSTOPRODUCCION,TIEMPO) VALUES (IDPRODUCTO.NEXTVAL,'tkTuwyeFsk','ENTRADA',0,293.8036148941783,'nkPTSxLCTg','cmOLlqMlDw',193.80361489417828,7.609099958377941);
INSERT INTO PRODUCTO (ID,NOMBRE,TIPO,PERSONALIZABLE,PRECIO,DESCRIPCION,TRADUCCION,COSTOPRODUCCION,TIEMPO) VALUES (IDPRODUCTO.NEXTVAL,'jPjnNXjvdz','ENTRADA',1,312.63691388386604,'xjQbRUtGlW','dDzacAKxpq',212.63691388386604,76.02460507277975);
INSERT INTO PRODUCTO (ID,NOMBRE,TIPO,PERSONALIZABLE,PRECIO,DESCRIPCION,TRADUCCION,COSTOPRODUCCION,TIEMPO) VALUES (IDPRODUCTO.NEXTVAL,'QVipzydPPu','ENTRADA',1,805.8182099816619,'TtrbgfEIVe','hChqLwfugD',705.8182099816619,5.797462391940633);
INSERT INTO PRODUCTO (ID,NOMBRE,TIPO,PERSONALIZABLE,PRECIO,DESCRIPCION,TRADUCCION,COSTOPRODUCCION,TIEMPO) VALUES (IDPRODUCTO.NEXTVAL,'TvpmjDAUzR','ENTRADA',1,982.9865666584611,'BAtOoBhWrk','LKFwvUsWQi',882.9865666584611,97.52825622179103);
INSERT INTO PRODUCTO (ID,NOMBRE,TIPO,PERSONALIZABLE,PRECIO,DESCRIPCION,TRADUCCION,COSTOPRODUCCION,TIEMPO) VALUES (IDPRODUCTO.NEXTVAL,'UXTAFORiVF','PLATO FUERTE',1,245.88734176110006,'NSOphIijMQ','yEwmbxfbvU',145.88734176110006,9.724115482163887);
INSERT INTO PRODUCTO (ID,NOMBRE,TIPO,PERSONALIZABLE,PRECIO,DESCRIPCION,TRADUCCION,COSTOPRODUCCION,TIEMPO) VALUES (IDPRODUCTO.NEXTVAL,'vWQDpQyDcG','ENTRADA',0,185.64304996145165,'VAcGcaJDXp','qXwFKznbjV',85.64304996145165,67.67963552043041);
INSERT INTO PRODUCTO (ID,NOMBRE,TIPO,PERSONALIZABLE,PRECIO,DESCRIPCION,TRADUCCION,COSTOPRODUCCION,TIEMPO) VALUES (IDPRODUCTO.NEXTVAL,'exwxGKqJgG','ACOMPAÑAMIENTO',0,186.76889455893763,'cwOWpuXJhn','YzGROoEngg',86.76889455893763,20.776167913927434);
INSERT INTO PRODUCTO (ID,NOMBRE,TIPO,PERSONALIZABLE,PRECIO,DESCRIPCION,TRADUCCION,COSTOPRODUCCION,TIEMPO) VALUES (IDPRODUCTO.NEXTVAL,'iMWEaeJUiC','ACOMPAÑAMIENTO',0,225.09165719372325,'GJwAzBYCXw','xVXqFUheUC',125.09165719372325,86.9654583001385);
INSERT INTO PRODUCTO (ID,NOMBRE,TIPO,PERSONALIZABLE,PRECIO,DESCRIPCION,TRADUCCION,COSTOPRODUCCION,TIEMPO) VALUES (IDPRODUCTO.NEXTVAL,'XauPwkhSoQ','PLATO FUERTE',1,471.6363184599649,'pjPfytujby','iIqnuTgxDy',371.6363184599649,74.85490476751613);
INSERT INTO PRODUCTO (ID,NOMBRE,TIPO,PERSONALIZABLE,PRECIO,DESCRIPCION,TRADUCCION,COSTOPRODUCCION,TIEMPO) VALUES (IDPRODUCTO.NEXTVAL,'qRdaULXnse','ACOMPAÑAMIENTO',0,823.8873274805983,'TzsFndwXjn','PEJnydFlJw',723.8873274805983,54.229024007146165);
INSERT INTO PRODUCTO (ID,NOMBRE,TIPO,PERSONALIZABLE,PRECIO,DESCRIPCION,TRADUCCION,COSTOPRODUCCION,TIEMPO) VALUES (IDPRODUCTO.NEXTVAL,'tTSyhFEDKB','ENTRADA',1,605.5860392592535,'wPXHkrvNNz','XweDnoEnmy',505.58603925925354,52.77870972411742);
INSERT INTO PRODUCTO (ID,NOMBRE,TIPO,PERSONALIZABLE,PRECIO,DESCRIPCION,TRADUCCION,COSTOPRODUCCION,TIEMPO) VALUES (IDPRODUCTO.NEXTVAL,'bKywHOKaSz','ACOMPAÑAMIENTO',0,547.9950400626523,'YyOsqHfDxW','ADUrWsUTGh',447.99504006265227,52.08309387940234);
INSERT INTO PRODUCTO (ID,NOMBRE,TIPO,PERSONALIZABLE,PRECIO,DESCRIPCION,TRADUCCION,COSTOPRODUCCION,TIEMPO) VALUES (IDPRODUCTO.NEXTVAL,'hJHztXpljR','ACOMPAÑAMIENTO',0,196.56911783142172,'mXjeaArOfv','lmuKsqHOye',96.56911783142172,90.37708848838444);

--USUARIOS
INSERT INTO USUARIO (ID,CORREO,NOMBRE,ROL) VALUES (IDUSUARIO.NEXTVAL,'fYYgBEXCii','IliuJfpjPT','CLIENTE');
INSERT INTO USUARIO (ID,CORREO,NOMBRE,ROL) VALUES (IDUSUARIO.NEXTVAL,'oNHfUHwKtA','PfbIPQOWyT','CLIENTE');
INSERT INTO USUARIO (ID,CORREO,NOMBRE,ROL) VALUES (IDUSUARIO.NEXTVAL,'FkanrrqHrK','XFYMLYUIoX','OPERADOR');
INSERT INTO USUARIO (ID,CORREO,NOMBRE,ROL) VALUES (IDUSUARIO.NEXTVAL,'YrPHcOmuel','pclnWyXLPe','OPERADOR');
INSERT INTO USUARIO (ID,CORREO,NOMBRE,ROL) VALUES (IDUSUARIO.NEXTVAL,'FuMDkvhKil','oPQqCENcjh','LOCAL');
INSERT INTO USUARIO (ID,CORREO,NOMBRE,ROL) VALUES (IDUSUARIO.NEXTVAL,'WwRayrJCPv','bDvlklvGLE','CLIENTE');
INSERT INTO USUARIO (ID,CORREO,NOMBRE,ROL) VALUES (IDUSUARIO.NEXTVAL,'DxoXHIBYXU','LButVSUyeW','CLIENTE');
INSERT INTO USUARIO (ID,CORREO,NOMBRE,ROL) VALUES (IDUSUARIO.NEXTVAL,'vcuCUlIIFp','qWhVlxTalk','CLIENTE');
INSERT INTO USUARIO (ID,CORREO,NOMBRE,ROL) VALUES (IDUSUARIO.NEXTVAL,'hjaQIRxkhB','yLhQiNYgaf','OPERADOR');
INSERT INTO USUARIO (ID,CORREO,NOMBRE,ROL) VALUES (IDUSUARIO.NEXTVAL,'OhRWvQHneA','fbKvnxLvys','OPERADOR');
INSERT INTO USUARIO (ID,CORREO,NOMBRE,ROL) VALUES (IDUSUARIO.NEXTVAL,'XEbaaGBeFl','cdspUTjyTr','LOCAL');
INSERT INTO USUARIO (ID,CORREO,NOMBRE,ROL) VALUES (IDUSUARIO.NEXTVAL,'mmVFrSFEKS','TgirkukwvC','OPERADOR');
INSERT INTO USUARIO (ID,CORREO,NOMBRE,ROL) VALUES (IDUSUARIO.NEXTVAL,'DxAmwpdSxx','hLgVEiYUtz','LOCAL');
INSERT INTO USUARIO (ID,CORREO,NOMBRE,ROL) VALUES (IDUSUARIO.NEXTVAL,'UVYPnTxghp','rAQJLsnTmt','LOCAL');
INSERT INTO USUARIO (ID,CORREO,NOMBRE,ROL) VALUES (IDUSUARIO.NEXTVAL,'CWXTFoNVyi','gdWjkpvpJo','LOCAL');
INSERT INTO USUARIO (ID,CORREO,NOMBRE,ROL) VALUES (IDUSUARIO.NEXTVAL,'nhyUbSlXjQ','bFDPQObBWL','CLIENTE');
INSERT INTO USUARIO (ID,CORREO,NOMBRE,ROL) VALUES (IDUSUARIO.NEXTVAL,'FXCJyMKxML','EpSieybzKW','LOCAL');
INSERT INTO USUARIO (ID,CORREO,NOMBRE,ROL) VALUES (IDUSUARIO.NEXTVAL,'iRIGWWcXpi','rTMjaiEcGH','OPERADOR');
INSERT INTO USUARIO (ID,CORREO,NOMBRE,ROL) VALUES (IDUSUARIO.NEXTVAL,'djfvmJBHpk','jYXWCSKgcR','CLIENTE');
INSERT INTO USUARIO (ID,CORREO,NOMBRE,ROL) VALUES (IDUSUARIO.NEXTVAL,'aECcXdUdWV','orNBgfeMgn','LOCAL');
INSERT INTO USUARIO (ID,CORREO,NOMBRE,ROL) VALUES (IDUSUARIO.NEXTVAL,'toUpwwOmyL','AKQrcVfBbz','OPERADOR');
INSERT INTO USUARIO (ID,CORREO,NOMBRE,ROL) VALUES (IDUSUARIO.NEXTVAL,'cslDuIBTcE','gAedAIECTr','LOCAL');
INSERT INTO USUARIO (ID,CORREO,NOMBRE,ROL) VALUES (IDUSUARIO.NEXTVAL,'meDJTfAmjq','VmVxdDrqCu','LOCAL');
INSERT INTO USUARIO (ID,CORREO,NOMBRE,ROL) VALUES (IDUSUARIO.NEXTVAL,'qgQYvoyUCP','iOinnyhqQB','CLIENTE');
INSERT INTO USUARIO (ID,CORREO,NOMBRE,ROL) VALUES (IDUSUARIO.NEXTVAL,'cdEQqCdwAn','FucRcblVtG','LOCAL');
INSERT INTO USUARIO (ID,CORREO,NOMBRE,ROL) VALUES (IDUSUARIO.NEXTVAL,'UPWJcBgPLE','JUjRanuSXH','CLIENTE');
INSERT INTO USUARIO (ID,CORREO,NOMBRE,ROL) VALUES (IDUSUARIO.NEXTVAL,'lWfSzhWgsw','SDgOjnBAGL','OPERADOR');
INSERT INTO USUARIO (ID,CORREO,NOMBRE,ROL) VALUES (IDUSUARIO.NEXTVAL,'BlyKlWhENo','KTInYTfjyN','CLIENTE');
INSERT INTO USUARIO (ID,CORREO,NOMBRE,ROL) VALUES (IDUSUARIO.NEXTVAL,'MJCsTmOHRY','yOPjkIkRRD','CLIENTE');
INSERT INTO USUARIO (ID,CORREO,NOMBRE,ROL) VALUES (IDUSUARIO.NEXTVAL,'bTVPMyPcPT','ajweHvJVpt','LOCAL');
INSERT INTO USUARIO (ID,CORREO,NOMBRE,ROL) VALUES (IDUSUARIO.NEXTVAL,'nrHeCiMWob','nNqvVDcarN','CLIENTE');
INSERT INTO USUARIO (ID,CORREO,NOMBRE,ROL) VALUES (IDUSUARIO.NEXTVAL,'VDghvNhxEG','EqHzglhnOa','LOCAL');
INSERT INTO USUARIO (ID,CORREO,NOMBRE,ROL) VALUES (IDUSUARIO.NEXTVAL,'TVPjyrbPfz','BKNSnFxKHd','CLIENTE');
INSERT INTO USUARIO (ID,CORREO,NOMBRE,ROL) VALUES (IDUSUARIO.NEXTVAL,'KPwufvMUAw','KPaEQerNyx','CLIENTE');
INSERT INTO USUARIO (ID,CORREO,NOMBRE,ROL) VALUES (IDUSUARIO.NEXTVAL,'kPKBVvPeOc','mutAMQPreb','LOCAL');
INSERT INTO USUARIO (ID,CORREO,NOMBRE,ROL) VALUES (IDUSUARIO.NEXTVAL,'IMgOfnqbuE','ciimXIfIIu','LOCAL');
INSERT INTO USUARIO (ID,CORREO,NOMBRE,ROL) VALUES (IDUSUARIO.NEXTVAL,'sBHWwtyhtu','pbFvRBhYRw','LOCAL');
INSERT INTO USUARIO (ID,CORREO,NOMBRE,ROL) VALUES (IDUSUARIO.NEXTVAL,'eCYltzDmld','WPLoyoDfjL','CLIENTE');
INSERT INTO USUARIO (ID,CORREO,NOMBRE,ROL) VALUES (IDUSUARIO.NEXTVAL,'RrwEszgyAv','SwXVQfuRls','LOCAL');
INSERT INTO USUARIO (ID,CORREO,NOMBRE,ROL) VALUES (IDUSUARIO.NEXTVAL,'uhaejKPvxa','BzMIOetUwY','OPERADOR');
INSERT INTO USUARIO (ID,CORREO,NOMBRE,ROL) VALUES (IDUSUARIO.NEXTVAL,'hvkkmApSjN','fVFOxsOgVs','CLIENTE');
INSERT INTO USUARIO (ID,CORREO,NOMBRE,ROL) VALUES (IDUSUARIO.NEXTVAL,'DIRHJjlUYo','esfapujeJi','LOCAL');
INSERT INTO USUARIO (ID,CORREO,NOMBRE,ROL) VALUES (IDUSUARIO.NEXTVAL,'KjEneHlxTu','EvFWtTMnDj','CLIENTE');
INSERT INTO USUARIO (ID,CORREO,NOMBRE,ROL) VALUES (IDUSUARIO.NEXTVAL,'xaIgLgwcME','pQfhPOyXkw','LOCAL');
INSERT INTO USUARIO (ID,CORREO,NOMBRE,ROL) VALUES (IDUSUARIO.NEXTVAL,'GzbyzxFftH','tRvhKezVvv','CLIENTE');
INSERT INTO USUARIO (ID,CORREO,NOMBRE,ROL) VALUES (IDUSUARIO.NEXTVAL,'PmWeLOITYf','kOyJOBRpQM','CLIENTE');
INSERT INTO USUARIO (ID,CORREO,NOMBRE,ROL) VALUES (IDUSUARIO.NEXTVAL,'xAvoTquHqW','vaMObudtEJ','CLIENTE');
INSERT INTO USUARIO (ID,CORREO,NOMBRE,ROL) VALUES (IDUSUARIO.NEXTVAL,'cbxBaxUpGq','lKdAKzrtgO','CLIENTE');
INSERT INTO USUARIO (ID,CORREO,NOMBRE,ROL) VALUES (IDUSUARIO.NEXTVAL,'SNKcOrakMP','rpmmOqssHt','CLIENTE');
INSERT INTO USUARIO (ID,CORREO,NOMBRE,ROL) VALUES (IDUSUARIO.NEXTVAL,'DUKhsqQNRh','qwbAtgRyHx','OPERADOR');

--PREFERENCIAS

INSERT INTO PREFERENCIA (IDUSUARIO,PRECIOINICIAL,PRECIOFINAL) VALUES (23,87.40215084730035,187.40215084730033);
INSERT INTO PREFERENCIA (IDUSUARIO,PRECIOINICIAL,PRECIOFINAL) VALUES (28,95.77142118925705,195.77142118925707);
INSERT INTO PREFERENCIA (IDUSUARIO,PRECIOINICIAL,PRECIOFINAL) VALUES (27,44.390986020062165,144.39098602006217);
INSERT INTO PREFERENCIA (IDUSUARIO,PRECIOINICIAL,PRECIOFINAL) VALUES (25,28.477724894868693,128.4777248948687);
INSERT INTO PREFERENCIA (IDUSUARIO,PRECIOINICIAL,PRECIOFINAL) VALUES (32,76.93891513807279,176.9389151380728);
INSERT INTO PREFERENCIA (IDUSUARIO,PRECIOINICIAL,PRECIOFINAL) VALUES (20,68.66311539270042,168.66311539270043);
INSERT INTO PREFERENCIA (IDUSUARIO,PRECIOINICIAL,PRECIOFINAL) VALUES (42,20.837446676993764,120.83744667699376);
INSERT INTO PREFERENCIA (IDUSUARIO,PRECIOINICIAL,PRECIOFINAL) VALUES (8,23.138790744492056,123.13879074449206);
INSERT INTO PREFERENCIA (IDUSUARIO,PRECIOINICIAL,PRECIOFINAL) VALUES (13,2.8659935853921126,102.86599358539212);
INSERT INTO PREFERENCIA (IDUSUARIO,PRECIOINICIAL,PRECIOFINAL) VALUES (49,66.63204720151961,166.6320472015196);
INSERT INTO PREFERENCIA (IDUSUARIO,PRECIOINICIAL,PRECIOFINAL) VALUES (35,31.324879713822263,131.32487971382227);
INSERT INTO PREFERENCIA (IDUSUARIO,PRECIOINICIAL,PRECIOFINAL) VALUES (24,57.78616254321635,157.78616254321634);
INSERT INTO PREFERENCIA (IDUSUARIO,PRECIOINICIAL,PRECIOFINAL) VALUES (39,57.409799794504124,157.40979979450412);
INSERT INTO PREFERENCIA (IDUSUARIO,PRECIOINICIAL,PRECIOFINAL) VALUES (37,77.70889738117073,177.70889738117074);
INSERT INTO PREFERENCIA (IDUSUARIO,PRECIOINICIAL,PRECIOFINAL) VALUES (47,44.79467360749448,144.79467360749447);
INSERT INTO PREFERENCIA (IDUSUARIO,PRECIOINICIAL,PRECIOFINAL) VALUES (6,63.55211549622651,163.55211549622652);
INSERT INTO PREFERENCIA (IDUSUARIO,PRECIOINICIAL,PRECIOFINAL) VALUES (2,81.48490674299453,181.48490674299453);
INSERT INTO PREFERENCIA (IDUSUARIO,PRECIOINICIAL,PRECIOFINAL) VALUES (26,24.451223670753,124.451223670753);
INSERT INTO PREFERENCIA (IDUSUARIO,PRECIOINICIAL,PRECIOFINAL) VALUES (44,94.49160048772193,194.49160048772194);
INSERT INTO PREFERENCIA (IDUSUARIO,PRECIOINICIAL,PRECIOFINAL) VALUES (14,31.63237023395893,131.63237023395894);


--PREFERENCIACATEGORIA
INSERT INTO PREFERENCIACATEGORIA VALUES (23,'ITALIANO');
INSERT INTO PREFERENCIACATEGORIA VALUES (28,'HINDÚ');
INSERT INTO PREFERENCIACATEGORIA VALUES (28,'COLOMBIANO');
INSERT INTO PREFERENCIACATEGORIA VALUES (25,'COLOMBIANO');
INSERT INTO PREFERENCIACATEGORIA VALUES (25,'EXPRÉS');
INSERT INTO PREFERENCIACATEGORIA VALUES (25,'ÁRABE');
INSERT INTO PREFERENCIACATEGORIA VALUES (32,'PICANTE');
INSERT INTO PREFERENCIACATEGORIA VALUES (32,'COLOMBIANO');
INSERT INTO PREFERENCIACATEGORIA VALUES (20,'ITALIANO');
INSERT INTO PREFERENCIACATEGORIA VALUES (8,'PICANTE');
INSERT INTO PREFERENCIACATEGORIA VALUES (8,'MEXICANO');
INSERT INTO PREFERENCIACATEGORIA VALUES (8,'EXPRÉS');
INSERT INTO PREFERENCIACATEGORIA VALUES (13,'ÁRABE');
INSERT INTO PREFERENCIACATEGORIA VALUES (49,'ITALIANO');
INSERT INTO PREFERENCIACATEGORIA VALUES (35,'PICANTE');
INSERT INTO PREFERENCIACATEGORIA VALUES (35,'MEXICANO');
INSERT INTO PREFERENCIACATEGORIA VALUES (35,'COLOMBIANO');
INSERT INTO PREFERENCIACATEGORIA VALUES (24,'ÁRABE');
INSERT INTO PREFERENCIACATEGORIA VALUES (24,'AMERICANO');
INSERT INTO PREFERENCIACATEGORIA VALUES (24,'COLOMBIANO');
INSERT INTO PREFERENCIACATEGORIA VALUES (39,'EXPRÉS');
INSERT INTO PREFERENCIACATEGORIA VALUES (37,'MEXICANO');
INSERT INTO PREFERENCIACATEGORIA VALUES (37,'AMERICANO');
INSERT INTO PREFERENCIACATEGORIA VALUES (2,'PICANTE');
INSERT INTO PREFERENCIACATEGORIA VALUES (2,'ÁRABE');
INSERT INTO PREFERENCIACATEGORIA VALUES (2,'ITALIANO');
INSERT INTO PREFERENCIACATEGORIA VALUES (26,'HINDÚ');
INSERT INTO PREFERENCIACATEGORIA VALUES (26,'PICANTE');
INSERT INTO PREFERENCIACATEGORIA VALUES (26,'COLOMBIANO');
INSERT INTO PREFERENCIACATEGORIA VALUES (26,'ÁRABE');
INSERT INTO PREFERENCIACATEGORIA VALUES (44,'HINDÚ');
INSERT INTO PREFERENCIACATEGORIA VALUES (14,'DULCE');

--PREFERENCIAZONA
INSERT INTO PREFERENCIAZONA VALUES (23,'szsmifziPw');
INSERT INTO PREFERENCIAZONA VALUES (23,'LDUtronwxb');
INSERT INTO PREFERENCIAZONA VALUES (23,'TWyLMLFLqX');
INSERT INTO PREFERENCIAZONA VALUES (23,'VjYeeESoor');
INSERT INTO PREFERENCIAZONA VALUES (27,'szsmifziPw');
INSERT INTO PREFERENCIAZONA VALUES (27,'dLwHBJOPTm');
INSERT INTO PREFERENCIAZONA VALUES (32,'szsmifziPw');
INSERT INTO PREFERENCIAZONA VALUES (20,'QXTWGiNHlW');
INSERT INTO PREFERENCIAZONA VALUES (20,'bqihqMzdMu');
INSERT INTO PREFERENCIAZONA VALUES (42,'ufBMtNmita');
INSERT INTO PREFERENCIAZONA VALUES (42,'VvQPnOthAq');
INSERT INTO PREFERENCIAZONA VALUES (13,'WEFzoADfIX');
INSERT INTO PREFERENCIAZONA VALUES (13,'QXTWGiNHlW');
INSERT INTO PREFERENCIAZONA VALUES (13,'VvQPnOthAq');
INSERT INTO PREFERENCIAZONA VALUES (49,'VjYeeESoor');
INSERT INTO PREFERENCIAZONA VALUES (49,'QXTWGiNHlW');
INSERT INTO PREFERENCIAZONA VALUES (49,'SswiuxQjlF');
INSERT INTO PREFERENCIAZONA VALUES (24,'ufBMtNmita');
INSERT INTO PREFERENCIAZONA VALUES (24,'WEFzoADfIX');
INSERT INTO PREFERENCIAZONA VALUES (47,'VjYeeESoor');
INSERT INTO PREFERENCIAZONA VALUES (47,'NElLszKwDp');
INSERT INTO PREFERENCIAZONA VALUES (47,'pAcUWrLaev');
INSERT INTO PREFERENCIAZONA VALUES (47,'uoevGHKFsI');
INSERT INTO PREFERENCIAZONA VALUES (6,'enJQNGoDxo');
INSERT INTO PREFERENCIAZONA VALUES (6,'SswiuxQjlF');
INSERT INTO PREFERENCIAZONA VALUES (2,'uoevGHKFsI');
INSERT INTO PREFERENCIAZONA VALUES (2,'LDUtronwxb');
INSERT INTO PREFERENCIAZONA VALUES (2,'wPFJcJJjnN');
INSERT INTO PREFERENCIAZONA VALUES (2,'VvQPnOthAq');
INSERT INTO PREFERENCIAZONA VALUES (26,'wPFJcJJjnN');
INSERT INTO PREFERENCIAZONA VALUES (26,'LDUtronwxb');
INSERT INTO PREFERENCIAZONA VALUES (26,'OcwSyvMKJP');
INSERT INTO PREFERENCIAZONA VALUES (14,'TWyLMLFLqX');



--CUENTA
INSERT INTO CUENTA (VALOR,NUMEROCUENTA,FECHA,IDUSUARIO) VALUES (293.6682418002537, TO_CHAR(NUMCUENTA.NEXTVAL,'FM0000000') ,TO_DATE('25/5/1999 5:50:58','dd/mm/yyyy hh24:mi:ss'),7);
INSERT INTO CUENTA (VALOR,NUMEROCUENTA,FECHA,IDUSUARIO) VALUES (238.82361511945456, TO_CHAR(NUMCUENTA.NEXTVAL,'FM0000000') ,TO_DATE('6/5/2007 0:2:0','dd/mm/yyyy hh24:mi:ss'),26);
INSERT INTO CUENTA (VALOR,NUMEROCUENTA,FECHA,IDUSUARIO) VALUES (235.48326840531027, TO_CHAR(NUMCUENTA.NEXTVAL,'FM0000000') ,TO_DATE('2/11/2001 1:29:56','dd/mm/yyyy hh24:mi:ss'),32);
INSERT INTO CUENTA (VALOR,NUMEROCUENTA,FECHA,IDUSUARIO) VALUES (176.47417576144457, TO_CHAR(NUMCUENTA.NEXTVAL,'FM0000000') ,TO_DATE('17/11/2011 11:51:49','dd/mm/yyyy hh24:mi:ss'),33);
INSERT INTO CUENTA (VALOR,NUMEROCUENTA,FECHA,IDUSUARIO) VALUES (281.8861695073664, TO_CHAR(NUMCUENTA.NEXTVAL,'FM0000000') ,TO_DATE('19/1/2005 0:11:43','dd/mm/yyyy hh24:mi:ss'),29);
INSERT INTO CUENTA (VALOR,NUMEROCUENTA,FECHA,IDUSUARIO) VALUES (45.84500909194668, TO_CHAR(NUMCUENTA.NEXTVAL,'FM0000000') ,TO_DATE('6/11/2005 18:28:6','dd/mm/yyyy hh24:mi:ss'),28);
INSERT INTO CUENTA (VALOR,NUMEROCUENTA,FECHA,IDUSUARIO) VALUES (199.56351615677517, TO_CHAR(NUMCUENTA.NEXTVAL,'FM0000000') ,TO_DATE('7/7/2001 22:46:56','dd/mm/yyyy hh24:mi:ss'),10);
INSERT INTO CUENTA (VALOR,NUMEROCUENTA,FECHA,IDUSUARIO) VALUES (266.8426224779366, TO_CHAR(NUMCUENTA.NEXTVAL,'FM0000000') ,TO_DATE('24/11/2011 13:2:51','dd/mm/yyyy hh24:mi:ss'),40);
INSERT INTO CUENTA (VALOR,NUMEROCUENTA,FECHA,IDUSUARIO) VALUES (263.19432615382755, TO_CHAR(NUMCUENTA.NEXTVAL,'FM0000000') ,TO_DATE('11/10/2013 18:11:30','dd/mm/yyyy hh24:mi:ss'),33);
INSERT INTO CUENTA (VALOR,NUMEROCUENTA,FECHA,IDUSUARIO) VALUES (164.75824407018732, TO_CHAR(NUMCUENTA.NEXTVAL,'FM0000000') ,TO_DATE('24/3/2014 14:41:21','dd/mm/yyyy hh24:mi:ss'),36);
INSERT INTO CUENTA (VALOR,NUMEROCUENTA,FECHA,IDUSUARIO) VALUES (148.18382530036348, TO_CHAR(NUMCUENTA.NEXTVAL,'FM0000000') ,TO_DATE('24/1/2003 8:32:49','dd/mm/yyyy hh24:mi:ss'),7);
INSERT INTO CUENTA (VALOR,NUMEROCUENTA,FECHA,IDUSUARIO) VALUES (177.64998723273297, TO_CHAR(NUMCUENTA.NEXTVAL,'FM0000000') ,TO_DATE('27/7/2000 2:50:50','dd/mm/yyyy hh24:mi:ss'),38);
INSERT INTO CUENTA (VALOR,NUMEROCUENTA,FECHA,IDUSUARIO) VALUES (290.1940669748883, TO_CHAR(NUMCUENTA.NEXTVAL,'FM0000000') ,TO_DATE('7/4/2002 1:3:37','dd/mm/yyyy hh24:mi:ss'),22);
INSERT INTO CUENTA (VALOR,NUMEROCUENTA,FECHA,IDUSUARIO) VALUES (5.521972761088811, TO_CHAR(NUMCUENTA.NEXTVAL,'FM0000000') ,TO_DATE('24/11/2007 17:17:18','dd/mm/yyyy hh24:mi:ss'),30);
INSERT INTO CUENTA (VALOR,NUMEROCUENTA,FECHA,IDUSUARIO) VALUES (161.4714524995035, TO_CHAR(NUMCUENTA.NEXTVAL,'FM0000000') ,TO_DATE('20/3/2000 21:20:32','dd/mm/yyyy hh24:mi:ss'),38);
INSERT INTO CUENTA (VALOR,NUMEROCUENTA,FECHA,IDUSUARIO) VALUES (51.30025019186094, TO_CHAR(NUMCUENTA.NEXTVAL,'FM0000000') ,TO_DATE('16/11/1999 1:15:16','dd/mm/yyyy hh24:mi:ss'),31);
INSERT INTO CUENTA (VALOR,NUMEROCUENTA,FECHA,IDUSUARIO) VALUES (213.9711366524333, TO_CHAR(NUMCUENTA.NEXTVAL,'FM0000000') ,TO_DATE('26/7/2006 17:26:22','dd/mm/yyyy hh24:mi:ss'),1);
INSERT INTO CUENTA (VALOR,NUMEROCUENTA,FECHA,IDUSUARIO) VALUES (3.605636667976375, TO_CHAR(NUMCUENTA.NEXTVAL,'FM0000000') ,TO_DATE('20/5/2012 6:11:34','dd/mm/yyyy hh24:mi:ss'),5);
INSERT INTO CUENTA (VALOR,NUMEROCUENTA,FECHA,IDUSUARIO) VALUES (139.27828926888142, TO_CHAR(NUMCUENTA.NEXTVAL,'FM0000000') ,TO_DATE('27/6/2006 6:25:21','dd/mm/yyyy hh24:mi:ss'),3);
INSERT INTO CUENTA (VALOR,NUMEROCUENTA,FECHA,IDUSUARIO) VALUES (111.32342195052847, TO_CHAR(NUMCUENTA.NEXTVAL,'FM0000000') ,TO_DATE('13/8/2005 4:32:13','dd/mm/yyyy hh24:mi:ss'),38);
INSERT INTO CUENTA (VALOR,NUMEROCUENTA,FECHA,IDUSUARIO) VALUES (195.32620622469693, TO_CHAR(NUMCUENTA.NEXTVAL,'FM0000000') ,TO_DATE('4/3/2012 17:27:50','dd/mm/yyyy hh24:mi:ss'),35);
INSERT INTO CUENTA (VALOR,NUMEROCUENTA,FECHA,IDUSUARIO) VALUES (199.96993287171406, TO_CHAR(NUMCUENTA.NEXTVAL,'FM0000000') ,TO_DATE('3/8/2007 4:12:1','dd/mm/yyyy hh24:mi:ss'),17);
INSERT INTO CUENTA (VALOR,NUMEROCUENTA,FECHA,IDUSUARIO) VALUES (49.911361444989545, TO_CHAR(NUMCUENTA.NEXTVAL,'FM0000000') ,TO_DATE('3/6/2004 11:46:3','dd/mm/yyyy hh24:mi:ss'),37);
INSERT INTO CUENTA (VALOR,NUMEROCUENTA,FECHA,IDUSUARIO) VALUES (179.85600416752104, TO_CHAR(NUMCUENTA.NEXTVAL,'FM0000000') ,TO_DATE('27/1/2008 20:2:32','dd/mm/yyyy hh24:mi:ss'),5);
INSERT INTO CUENTA (VALOR,NUMEROCUENTA,FECHA,IDUSUARIO) VALUES (91.00527700311498, TO_CHAR(NUMCUENTA.NEXTVAL,'FM0000000') ,TO_DATE('19/9/2009 13:51:16','dd/mm/yyyy hh24:mi:ss'),19);
INSERT INTO CUENTA (VALOR,NUMEROCUENTA,FECHA,IDUSUARIO) VALUES (96.04728639976607, TO_CHAR(NUMCUENTA.NEXTVAL,'FM0000000') ,TO_DATE('10/11/2015 16:54:48','dd/mm/yyyy hh24:mi:ss'),19);
INSERT INTO CUENTA (VALOR,NUMEROCUENTA,FECHA,IDUSUARIO) VALUES (253.86328507077803, TO_CHAR(NUMCUENTA.NEXTVAL,'FM0000000') ,TO_DATE('2/8/2012 0:34:9','dd/mm/yyyy hh24:mi:ss'),45);
INSERT INTO CUENTA (VALOR,NUMEROCUENTA,FECHA,IDUSUARIO) VALUES (170.12146472823073, TO_CHAR(NUMCUENTA.NEXTVAL,'FM0000000') ,TO_DATE('24/2/2008 16:1:13','dd/mm/yyyy hh24:mi:ss'),29);
INSERT INTO CUENTA (VALOR,NUMEROCUENTA,FECHA,IDUSUARIO) VALUES (114.93018395442776, TO_CHAR(NUMCUENTA.NEXTVAL,'FM0000000') ,TO_DATE('18/8/1999 11:35:24','dd/mm/yyyy hh24:mi:ss'),48);
INSERT INTO CUENTA (VALOR,NUMEROCUENTA,FECHA,IDUSUARIO) VALUES (83.72231924249672, TO_CHAR(NUMCUENTA.NEXTVAL,'FM0000000') ,TO_DATE('7/6/2011 18:36:10','dd/mm/yyyy hh24:mi:ss'),33);
INSERT INTO CUENTA (VALOR,NUMEROCUENTA,FECHA,IDUSUARIO) VALUES (102.54273233859031, TO_CHAR(NUMCUENTA.NEXTVAL,'FM0000000') ,TO_DATE('12/6/2000 20:41:33','dd/mm/yyyy hh24:mi:ss'),33);
INSERT INTO CUENTA (VALOR,NUMEROCUENTA,FECHA,IDUSUARIO) VALUES (53.91068720318222, TO_CHAR(NUMCUENTA.NEXTVAL,'FM0000000') ,TO_DATE('1/7/2005 6:53:4','dd/mm/yyyy hh24:mi:ss'),8);
INSERT INTO CUENTA (VALOR,NUMEROCUENTA,FECHA,IDUSUARIO) VALUES (74.42906443758356, TO_CHAR(NUMCUENTA.NEXTVAL,'FM0000000') ,TO_DATE('25/5/2015 12:25:15','dd/mm/yyyy hh24:mi:ss'),24);
INSERT INTO CUENTA (VALOR,NUMEROCUENTA,FECHA,IDUSUARIO) VALUES (250.31229813531598, TO_CHAR(NUMCUENTA.NEXTVAL,'FM0000000') ,TO_DATE('1/1/2000 0:37:0','dd/mm/yyyy hh24:mi:ss'),49);
INSERT INTO CUENTA (VALOR,NUMEROCUENTA,FECHA,IDUSUARIO) VALUES (212.00491206173112, TO_CHAR(NUMCUENTA.NEXTVAL,'FM0000000') ,TO_DATE('8/8/2006 20:35:23','dd/mm/yyyy hh24:mi:ss'),6);
INSERT INTO CUENTA (VALOR,NUMEROCUENTA,FECHA,IDUSUARIO) VALUES (204.06246612762936, TO_CHAR(NUMCUENTA.NEXTVAL,'FM0000000') ,TO_DATE('17/5/2003 20:35:36','dd/mm/yyyy hh24:mi:ss'),29);
INSERT INTO CUENTA (VALOR,NUMEROCUENTA,FECHA,IDUSUARIO) VALUES (181.46681017683542, TO_CHAR(NUMCUENTA.NEXTVAL,'FM0000000') ,TO_DATE('21/1/2016 5:4:2','dd/mm/yyyy hh24:mi:ss'),47);
INSERT INTO CUENTA (VALOR,NUMEROCUENTA,FECHA,IDUSUARIO) VALUES (158.54764604328878, TO_CHAR(NUMCUENTA.NEXTVAL,'FM0000000') ,TO_DATE('20/5/2005 13:55:55','dd/mm/yyyy hh24:mi:ss'),36);
INSERT INTO CUENTA (VALOR,NUMEROCUENTA,FECHA,IDUSUARIO) VALUES (11.682037852575933, TO_CHAR(NUMCUENTA.NEXTVAL,'FM0000000') ,TO_DATE('21/8/2003 11:29:4','dd/mm/yyyy hh24:mi:ss'),29);
INSERT INTO CUENTA (VALOR,NUMEROCUENTA,FECHA,IDUSUARIO) VALUES (11.943945284210344, TO_CHAR(NUMCUENTA.NEXTVAL,'FM0000000') ,TO_DATE('18/1/2012 20:17:12','dd/mm/yyyy hh24:mi:ss'),43);
INSERT INTO CUENTA (VALOR,NUMEROCUENTA,FECHA,IDUSUARIO) VALUES (138.87556058556038, TO_CHAR(NUMCUENTA.NEXTVAL,'FM0000000') ,TO_DATE('2/9/2004 7:19:27','dd/mm/yyyy hh24:mi:ss'),44);
INSERT INTO CUENTA (VALOR,NUMEROCUENTA,FECHA,IDUSUARIO) VALUES (201.55237876740938, TO_CHAR(NUMCUENTA.NEXTVAL,'FM0000000') ,TO_DATE('18/10/2009 13:50:39','dd/mm/yyyy hh24:mi:ss'),8);
INSERT INTO CUENTA (VALOR,NUMEROCUENTA,FECHA,IDUSUARIO) VALUES (168.11377953687446, TO_CHAR(NUMCUENTA.NEXTVAL,'FM0000000') ,TO_DATE('10/9/2004 9:39:35','dd/mm/yyyy hh24:mi:ss'),9);
INSERT INTO CUENTA (VALOR,NUMEROCUENTA,FECHA,IDUSUARIO) VALUES (179.9311196880669, TO_CHAR(NUMCUENTA.NEXTVAL,'FM0000000') ,TO_DATE('13/1/2001 3:15:27','dd/mm/yyyy hh24:mi:ss'),38);
INSERT INTO CUENTA (VALOR,NUMEROCUENTA,FECHA,IDUSUARIO) VALUES (101.58514803383396, TO_CHAR(NUMCUENTA.NEXTVAL,'FM0000000') ,TO_DATE('8/2/2005 15:33:2','dd/mm/yyyy hh24:mi:ss'),43);
INSERT INTO CUENTA (VALOR,NUMEROCUENTA,FECHA,IDUSUARIO) VALUES (32.82456949055332, TO_CHAR(NUMCUENTA.NEXTVAL,'FM0000000') ,TO_DATE('7/4/2008 17:11:25','dd/mm/yyyy hh24:mi:ss'),9);
INSERT INTO CUENTA (VALOR,NUMEROCUENTA,FECHA,IDUSUARIO) VALUES (283.67773803738294, TO_CHAR(NUMCUENTA.NEXTVAL,'FM0000000') ,TO_DATE('3/10/2000 22:3:15','dd/mm/yyyy hh24:mi:ss'),19);
INSERT INTO CUENTA (VALOR,NUMEROCUENTA,FECHA,IDUSUARIO) VALUES (288.8892850453702, TO_CHAR(NUMCUENTA.NEXTVAL,'FM0000000') ,TO_DATE('22/3/2012 15:6:55','dd/mm/yyyy hh24:mi:ss'),29);
INSERT INTO CUENTA (VALOR,NUMEROCUENTA,FECHA,IDUSUARIO) VALUES (212.8535755260301, TO_CHAR(NUMCUENTA.NEXTVAL,'FM0000000') ,TO_DATE('26/8/2012 13:32:56','dd/mm/yyyy hh24:mi:ss'),17);
INSERT INTO CUENTA (VALOR,NUMEROCUENTA,FECHA,IDUSUARIO) VALUES (71.2168412631061, TO_CHAR(NUMCUENTA.NEXTVAL,'FM0000000') ,TO_DATE('1/9/2014 1:28:44','dd/mm/yyyy hh24:mi:ss'),13);
INSERT INTO CUENTA (VALOR,NUMEROCUENTA,FECHA,IDUSUARIO) VALUES (270.3199347861285, TO_CHAR(NUMCUENTA.NEXTVAL,'FM0000000') ,TO_DATE('10/8/2016 6:9:20','dd/mm/yyyy hh24:mi:ss'),7);
INSERT INTO CUENTA (VALOR,NUMEROCUENTA,FECHA,IDUSUARIO) VALUES (40.653501740479, TO_CHAR(NUMCUENTA.NEXTVAL,'FM0000000') ,TO_DATE('21/11/2000 10:11:54','dd/mm/yyyy hh24:mi:ss'),9);
INSERT INTO CUENTA (VALOR,NUMEROCUENTA,FECHA,IDUSUARIO) VALUES (215.4974776146149, TO_CHAR(NUMCUENTA.NEXTVAL,'FM0000000') ,TO_DATE('17/11/2004 5:17:55','dd/mm/yyyy hh24:mi:ss'),38);
INSERT INTO CUENTA (VALOR,NUMEROCUENTA,FECHA,IDUSUARIO) VALUES (80.91681590269576, TO_CHAR(NUMCUENTA.NEXTVAL,'FM0000000') ,TO_DATE('23/7/2012 22:31:31','dd/mm/yyyy hh24:mi:ss'),25);
INSERT INTO CUENTA (VALOR,NUMEROCUENTA,FECHA,IDUSUARIO) VALUES (298.2852620211256, TO_CHAR(NUMCUENTA.NEXTVAL,'FM0000000') ,TO_DATE('13/10/2016 2:8:19','dd/mm/yyyy hh24:mi:ss'),49);
INSERT INTO CUENTA (VALOR,NUMEROCUENTA,FECHA,IDUSUARIO) VALUES (275.50907335173014, TO_CHAR(NUMCUENTA.NEXTVAL,'FM0000000') ,TO_DATE('11/10/2016 20:15:41','dd/mm/yyyy hh24:mi:ss'),15);
INSERT INTO CUENTA (VALOR,NUMEROCUENTA,FECHA,IDUSUARIO) VALUES (38.122618194313986, TO_CHAR(NUMCUENTA.NEXTVAL,'FM0000000') ,TO_DATE('15/9/2014 12:24:29','dd/mm/yyyy hh24:mi:ss'),46);
INSERT INTO CUENTA (VALOR,NUMEROCUENTA,FECHA,IDUSUARIO) VALUES (226.42760871499593, TO_CHAR(NUMCUENTA.NEXTVAL,'FM0000000') ,TO_DATE('16/1/2009 14:16:18','dd/mm/yyyy hh24:mi:ss'),8);
INSERT INTO CUENTA (VALOR,NUMEROCUENTA,FECHA,IDUSUARIO) VALUES (219.84794314137594, TO_CHAR(NUMCUENTA.NEXTVAL,'FM0000000') ,TO_DATE('1/2/2014 12:8:7','dd/mm/yyyy hh24:mi:ss'),34);
INSERT INTO CUENTA (VALOR,NUMEROCUENTA,FECHA,IDUSUARIO) VALUES (164.67202181446726, TO_CHAR(NUMCUENTA.NEXTVAL,'FM0000000') ,TO_DATE('9/7/2003 0:24:55','dd/mm/yyyy hh24:mi:ss'),5);
INSERT INTO CUENTA (VALOR,NUMEROCUENTA,FECHA,IDUSUARIO) VALUES (156.3543223586421, TO_CHAR(NUMCUENTA.NEXTVAL,'FM0000000') ,TO_DATE('3/4/2016 1:32:22','dd/mm/yyyy hh24:mi:ss'),32);
INSERT INTO CUENTA (VALOR,NUMEROCUENTA,FECHA,IDUSUARIO) VALUES (102.54825280654232, TO_CHAR(NUMCUENTA.NEXTVAL,'FM0000000') ,TO_DATE('20/9/2009 8:44:43','dd/mm/yyyy hh24:mi:ss'),12);
INSERT INTO CUENTA (VALOR,NUMEROCUENTA,FECHA,IDUSUARIO) VALUES (268.04202994224266, TO_CHAR(NUMCUENTA.NEXTVAL,'FM0000000') ,TO_DATE('27/7/2003 2:58:44','dd/mm/yyyy hh24:mi:ss'),37);
INSERT INTO CUENTA (VALOR,NUMEROCUENTA,FECHA,IDUSUARIO) VALUES (177.76953240921878, TO_CHAR(NUMCUENTA.NEXTVAL,'FM0000000') ,TO_DATE('14/3/2004 6:12:15','dd/mm/yyyy hh24:mi:ss'),45);
INSERT INTO CUENTA (VALOR,NUMEROCUENTA,FECHA,IDUSUARIO) VALUES (229.06795854785133, TO_CHAR(NUMCUENTA.NEXTVAL,'FM0000000') ,TO_DATE('5/6/2009 7:6:18','dd/mm/yyyy hh24:mi:ss'),23);
INSERT INTO CUENTA (VALOR,NUMEROCUENTA,FECHA,IDUSUARIO) VALUES (239.35420945175503, TO_CHAR(NUMCUENTA.NEXTVAL,'FM0000000') ,TO_DATE('17/8/2009 16:26:22','dd/mm/yyyy hh24:mi:ss'),22);
INSERT INTO CUENTA (VALOR,NUMEROCUENTA,FECHA,IDUSUARIO) VALUES (30.391842853882846, TO_CHAR(NUMCUENTA.NEXTVAL,'FM0000000') ,TO_DATE('15/4/1997 8:55:5','dd/mm/yyyy hh24:mi:ss'),29);
INSERT INTO CUENTA (VALOR,NUMEROCUENTA,FECHA,IDUSUARIO) VALUES (25.320453511642583, TO_CHAR(NUMCUENTA.NEXTVAL,'FM0000000') ,TO_DATE('16/3/2010 11:10:10','dd/mm/yyyy hh24:mi:ss'),17);
INSERT INTO CUENTA (VALOR,NUMEROCUENTA,FECHA,IDUSUARIO) VALUES (209.6194262848149, TO_CHAR(NUMCUENTA.NEXTVAL,'FM0000000') ,TO_DATE('24/1/2011 4:15:51','dd/mm/yyyy hh24:mi:ss'),44);
INSERT INTO CUENTA (VALOR,NUMEROCUENTA,FECHA,IDUSUARIO) VALUES (82.17782593336779, TO_CHAR(NUMCUENTA.NEXTVAL,'FM0000000') ,TO_DATE('15/7/2000 7:48:46','dd/mm/yyyy hh24:mi:ss'),15);
INSERT INTO CUENTA (VALOR,NUMEROCUENTA,FECHA,IDUSUARIO) VALUES (197.64244806005382, TO_CHAR(NUMCUENTA.NEXTVAL,'FM0000000') ,TO_DATE('22/6/1997 8:50:2','dd/mm/yyyy hh24:mi:ss'),31);
INSERT INTO CUENTA (VALOR,NUMEROCUENTA,FECHA,IDUSUARIO) VALUES (276.2157438158781, TO_CHAR(NUMCUENTA.NEXTVAL,'FM0000000') ,TO_DATE('5/5/2016 0:25:18','dd/mm/yyyy hh24:mi:ss'),24);
INSERT INTO CUENTA (VALOR,NUMEROCUENTA,FECHA,IDUSUARIO) VALUES (32.075582443621066, TO_CHAR(NUMCUENTA.NEXTVAL,'FM0000000') ,TO_DATE('15/3/2010 18:9:49','dd/mm/yyyy hh24:mi:ss'),34);
INSERT INTO CUENTA (VALOR,NUMEROCUENTA,FECHA,IDUSUARIO) VALUES (246.58879003009582, TO_CHAR(NUMCUENTA.NEXTVAL,'FM0000000') ,TO_DATE('10/11/1998 6:7:40','dd/mm/yyyy hh24:mi:ss'),32);
INSERT INTO CUENTA (VALOR,NUMEROCUENTA,FECHA,IDUSUARIO) VALUES (187.4901446752035, TO_CHAR(NUMCUENTA.NEXTVAL,'FM0000000') ,TO_DATE('23/5/2016 10:34:47','dd/mm/yyyy hh24:mi:ss'),42);
INSERT INTO CUENTA (VALOR,NUMEROCUENTA,FECHA,IDUSUARIO) VALUES (150.1989385568784, TO_CHAR(NUMCUENTA.NEXTVAL,'FM0000000') ,TO_DATE('16/6/2001 1:36:39','dd/mm/yyyy hh24:mi:ss'),27);
INSERT INTO CUENTA (VALOR,NUMEROCUENTA,FECHA,IDUSUARIO) VALUES (272.4447714537663, TO_CHAR(NUMCUENTA.NEXTVAL,'FM0000000') ,TO_DATE('24/1/2012 8:26:31','dd/mm/yyyy hh24:mi:ss'),24);
INSERT INTO CUENTA (VALOR,NUMEROCUENTA,FECHA,IDUSUARIO) VALUES (48.374612443980894, TO_CHAR(NUMCUENTA.NEXTVAL,'FM0000000') ,TO_DATE('7/8/2015 17:24:35','dd/mm/yyyy hh24:mi:ss'),12);
INSERT INTO CUENTA (VALOR,NUMEROCUENTA,FECHA,IDUSUARIO) VALUES (43.31290386531597, TO_CHAR(NUMCUENTA.NEXTVAL,'FM0000000') ,TO_DATE('6/5/2014 14:30:32','dd/mm/yyyy hh24:mi:ss'),25);
INSERT INTO CUENTA (VALOR,NUMEROCUENTA,FECHA,IDUSUARIO) VALUES (185.34663920207157, TO_CHAR(NUMCUENTA.NEXTVAL,'FM0000000') ,TO_DATE('18/6/2015 14:3:24','dd/mm/yyyy hh24:mi:ss'),29);
INSERT INTO CUENTA (VALOR,NUMEROCUENTA,FECHA,IDUSUARIO) VALUES (184.90722251148486, TO_CHAR(NUMCUENTA.NEXTVAL,'FM0000000') ,TO_DATE('17/3/2002 15:0:35','dd/mm/yyyy hh24:mi:ss'),32);
INSERT INTO CUENTA (VALOR,NUMEROCUENTA,FECHA,IDUSUARIO) VALUES (208.52108799358177, TO_CHAR(NUMCUENTA.NEXTVAL,'FM0000000') ,TO_DATE('22/8/2016 17:53:29','dd/mm/yyyy hh24:mi:ss'),33);
INSERT INTO CUENTA (VALOR,NUMEROCUENTA,FECHA,IDUSUARIO) VALUES (7.900853789827201, TO_CHAR(NUMCUENTA.NEXTVAL,'FM0000000') ,TO_DATE('10/6/1999 16:27:6','dd/mm/yyyy hh24:mi:ss'),3);
INSERT INTO CUENTA (VALOR,NUMEROCUENTA,FECHA,IDUSUARIO) VALUES (180.5489595571253, TO_CHAR(NUMCUENTA.NEXTVAL,'FM0000000') ,TO_DATE('26/1/2004 6:11:38','dd/mm/yyyy hh24:mi:ss'),25);
INSERT INTO CUENTA (VALOR,NUMEROCUENTA,FECHA,IDUSUARIO) VALUES (13.045573078419515, TO_CHAR(NUMCUENTA.NEXTVAL,'FM0000000') ,TO_DATE('27/9/2002 7:52:55','dd/mm/yyyy hh24:mi:ss'),16);
INSERT INTO CUENTA (VALOR,NUMEROCUENTA,FECHA,IDUSUARIO) VALUES (233.1927758061453, TO_CHAR(NUMCUENTA.NEXTVAL,'FM0000000') ,TO_DATE('6/1/2004 3:27:55','dd/mm/yyyy hh24:mi:ss'),26);
INSERT INTO CUENTA (VALOR,NUMEROCUENTA,FECHA,IDUSUARIO) VALUES (172.18676119078006, TO_CHAR(NUMCUENTA.NEXTVAL,'FM0000000') ,TO_DATE('17/6/2009 1:46:14','dd/mm/yyyy hh24:mi:ss'),24);
INSERT INTO CUENTA (VALOR,NUMEROCUENTA,FECHA,IDUSUARIO) VALUES (212.99001322243407, TO_CHAR(NUMCUENTA.NEXTVAL,'FM0000000') ,TO_DATE('8/10/2012 6:16:41','dd/mm/yyyy hh24:mi:ss'),23);
INSERT INTO CUENTA (VALOR,NUMEROCUENTA,FECHA,IDUSUARIO) VALUES (76.07532197230536, TO_CHAR(NUMCUENTA.NEXTVAL,'FM0000000') ,TO_DATE('24/5/1997 13:33:53','dd/mm/yyyy hh24:mi:ss'),43);
INSERT INTO CUENTA (VALOR,NUMEROCUENTA,FECHA,IDUSUARIO) VALUES (68.71345827562236, TO_CHAR(NUMCUENTA.NEXTVAL,'FM0000000') ,TO_DATE('23/3/2003 1:25:18','dd/mm/yyyy hh24:mi:ss'),44);
INSERT INTO CUENTA (VALOR,NUMEROCUENTA,FECHA,IDUSUARIO) VALUES (198.97646045538602, TO_CHAR(NUMCUENTA.NEXTVAL,'FM0000000') ,TO_DATE('6/2/2000 10:43:48','dd/mm/yyyy hh24:mi:ss'),33);
INSERT INTO CUENTA (VALOR,NUMEROCUENTA,FECHA,IDUSUARIO) VALUES (230.6283708747545, TO_CHAR(NUMCUENTA.NEXTVAL,'FM0000000') ,TO_DATE('2/8/2016 5:16:21','dd/mm/yyyy hh24:mi:ss'),16);
INSERT INTO CUENTA (VALOR,NUMEROCUENTA,FECHA,IDUSUARIO) VALUES (230.07528804558953, TO_CHAR(NUMCUENTA.NEXTVAL,'FM0000000') ,TO_DATE('26/9/2009 11:28:48','dd/mm/yyyy hh24:mi:ss'),21);
INSERT INTO CUENTA (VALOR,NUMEROCUENTA,FECHA,IDUSUARIO) VALUES (31.54660560861985, TO_CHAR(NUMCUENTA.NEXTVAL,'FM0000000') ,TO_DATE('4/5/1998 9:39:18','dd/mm/yyyy hh24:mi:ss'),43);
INSERT INTO CUENTA (VALOR,NUMEROCUENTA,FECHA,IDUSUARIO) VALUES (21.679364262444047, TO_CHAR(NUMCUENTA.NEXTVAL,'FM0000000') ,TO_DATE('17/10/2002 3:5:29','dd/mm/yyyy hh24:mi:ss'),10);
INSERT INTO CUENTA (VALOR,NUMEROCUENTA,FECHA,IDUSUARIO) VALUES (19.677527607125068, TO_CHAR(NUMCUENTA.NEXTVAL,'FM0000000') ,TO_DATE('16/7/2014 13:0:39','dd/mm/yyyy hh24:mi:ss'),23);
INSERT INTO CUENTA (VALOR,NUMEROCUENTA,FECHA,IDUSUARIO) VALUES (4.218078922334323, TO_CHAR(NUMCUENTA.NEXTVAL,'FM0000000') ,TO_DATE('5/4/2012 0:41:37','dd/mm/yyyy hh24:mi:ss'),36);
INSERT INTO CUENTA (VALOR,NUMEROCUENTA,FECHA,IDUSUARIO) VALUES (213.27585936933272, TO_CHAR(NUMCUENTA.NEXTVAL,'FM0000000') ,TO_DATE('11/4/2005 14:50:44','dd/mm/yyyy hh24:mi:ss'),31);
INSERT INTO CUENTA (VALOR,NUMEROCUENTA,FECHA,IDUSUARIO) VALUES (18.03891723181833, TO_CHAR(NUMCUENTA.NEXTVAL,'FM0000000'),TO_DATE('7/6/1998 9:56:31','dd/mm/yyyy hh24:mi:ss'),13);
INSERT INTO CUENTA (VALOR,NUMEROCUENTA,FECHA,IDUSUARIO) VALUES (147.08637585672074, TO_CHAR(NUMCUENTA.NEXTVAL,'FM0000000') ,TO_DATE('24/11/2012 13:38:44','dd/mm/yyyy hh24:mi:ss'),40);

INSERT INTO USUARIO (ID,NOMBRE,CORREO,ROL) VALUES (0,'ADMIN','admin','OPERADOR');
 COMMIT;