--BORRA TODO EN LA BD
    --BORRA TABLAS MUCHOS A MUCHOS
DELETE FROM PREFERENCIACATEGORIA;
DELETE FROM PREFERENCIAZONA;
DELETE FROM CONDICIONZONA;
DELETE FROM CONDICIONTECNICA;
    --BORRA ENTIDADES INDEPENDIENTES
DELETE FROM CATEGORIA;
DELETE FROM CUENTA;
DELETE FROM PREFERENCIA;
DELETE FROM PRODUCTO;
DELETE FROM INGREDIENTE;
DELETE FROM USUARIO;
DELETE FROM TIPOSDEPLATO;
DELETE FROM ROL;
DELETE FROM ZONA;
    --

--REINICIA LAS SECUENCIAS


DROP SEQUENCE IDINGREDIENTE;

create sequence IDINGREDIENTE
minvalue 1
maxvalue 999999999999999999999
start with 1
increment by 1;

DROP SEQUENCE IDPRODUCTO;

create sequence IDPRODUCTO
minvalue 1
maxvalue 999999999999999999999
start with 1
increment by 1;

DROP SEQUENCE IDUSUARIO;

create sequence IDUSUARIO
minvalue 1
maxvalue 999999999999999999999
start with 1
increment by 1;

--DEFAULT


--CREACIÓN EN EL ORDEN DADO
--ROL (SOLO SE PUEDE INSERTAR ORGANIZADORES)
INSERT INTO ROL VALUES ('LOCAL');
INSERT INTO ROL VALUES ('CLIENTE');
INSERT INTO ROL VALUES ('OPERADOR');
INSERT INTO ROL VALUES ('PROVEEDOR');

--TIPOS_DE_PLATO (SOLO SE PUEDE INSERTAR BEBIDA)
INSERT INTO TIPOSDEPLATO VALUES ('ACOMPAÑAMIENTO');
INSERT INTO TIPOSDEPLATO VALUES ('PLATO FUERTE');
INSERT INTO TIPOSDEPLATO VALUES ('ENTRADA');
INSERT INTO TIPOSDEPLATO VALUES ('POSTRE');

--CONDICIONES TÉCNICAS DIFERENTES
INSERT INTO CONDICIONTECNICA VALUES ('TIENE RAMPAS');
INSERT INTO CONDICIONTECNICA VALUES ('ESCALERAS');
INSERT INTO CONDICIONTECNICA VALUES ('ESPACIO DE LISIADOS');
INSERT INTO CONDICIONTECNICA VALUES ('AIRE LIBRE');
INSERT INTO CONDICIONTECNICA VALUES ('TELEVISIONES');
INSERT INTO CONDICIONTECNICA VALUES ('VENTILADORES');
INSERT INTO CONDICIONTECNICA VALUES ('SIN CONDICIÓN');
INSERT INTO CONDICIONTECNICA VALUES ('MESEROS');
INSERT INTO CONDICIONTECNICA VALUES ('AUTOSERVICIO');
INSERT INTO CONDICIONTECNICA VALUES ('VARIOS');

--CATEGORÍAS DIFERENTES
INSERT INTO CATEGORIA VALUES ('MEXICANO');
INSERT INTO CATEGORIA VALUES ('AMERICANO');
INSERT INTO CATEGORIA VALUES ('EXPRÉS');
INSERT INTO CATEGORIA VALUES ('COLOMBIANO');
INSERT INTO CATEGORIA VALUES ('ITALIANO');
INSERT INTO CATEGORIA VALUES ('HINDÚ');
INSERT INTO CATEGORIA VALUES ('ÁRABE');
INSERT INTO CATEGORIA VALUES ('PICANTE');
INSERT INTO CATEGORIA VALUES ('DULCE');
INSERT INTO CATEGORIA VALUES ('RARO');

--INGREDIENTES
INSERT INTO INGREDIENTE (ID,NOMBRE,DESCRIPCION,TRADUCCION) VALUES (IDINGREDIENTE.NEXTVAL,'aeJBdjjhFK','SjVqIAiRRJ','rLWTNjQeKH');
INSERT INTO INGREDIENTE (ID,NOMBRE,DESCRIPCION,TRADUCCION) VALUES (IDINGREDIENTE.NEXTVAL,'OWoYcRDlsY','XzoCmepDDD','alrBddvHGD');
INSERT INTO INGREDIENTE (ID,NOMBRE,DESCRIPCION,TRADUCCION) VALUES (IDINGREDIENTE.NEXTVAL,'PMjKIgxQLI','fmWBeCjmDT','XDBlaAJCSm');
INSERT INTO INGREDIENTE (ID,NOMBRE,DESCRIPCION,TRADUCCION) VALUES (IDINGREDIENTE.NEXTVAL,'nroUssrhNS','GSySMEHQTx','tGXKgtDRdY');
INSERT INTO INGREDIENTE (ID,NOMBRE,DESCRIPCION,TRADUCCION) VALUES (IDINGREDIENTE.NEXTVAL,'vswYzxrlIV','HkfzksHEXv','taAviQgsSL');
INSERT INTO INGREDIENTE (ID,NOMBRE,DESCRIPCION,TRADUCCION) VALUES (IDINGREDIENTE.NEXTVAL,'oOmGOsHnUi','RwoGAznSFo','phEktbJIjI');
INSERT INTO INGREDIENTE (ID,NOMBRE,DESCRIPCION,TRADUCCION) VALUES (IDINGREDIENTE.NEXTVAL,'vqgvYFKgYl','oqxieFgcNA','aXdiIXUlfz');
INSERT INTO INGREDIENTE (ID,NOMBRE,DESCRIPCION,TRADUCCION) VALUES (IDINGREDIENTE.NEXTVAL,'qLRTgMMHnw','kXufBwVwFQ','hSEGeRCFMR');
INSERT INTO INGREDIENTE (ID,NOMBRE,DESCRIPCION,TRADUCCION) VALUES (IDINGREDIENTE.NEXTVAL,'yzfsAjKLgi','BRhQbuLrxR','JEyMVlUOLd');
INSERT INTO INGREDIENTE (ID,NOMBRE,DESCRIPCION,TRADUCCION) VALUES (IDINGREDIENTE.NEXTVAL,'MlHOhuphNt','IanEMeAeOD','JLlVjsOkDj');
INSERT INTO INGREDIENTE (ID,NOMBRE,DESCRIPCION,TRADUCCION) VALUES (IDINGREDIENTE.NEXTVAL,'teHLUBPCQN','vSDlwYlvwN','mOQhuoPzWt');
INSERT INTO INGREDIENTE (ID,NOMBRE,DESCRIPCION,TRADUCCION) VALUES (IDINGREDIENTE.NEXTVAL,'tsEUaHPnjD','LnabzUBfwF','SMtevHmnph');
INSERT INTO INGREDIENTE (ID,NOMBRE,DESCRIPCION,TRADUCCION) VALUES (IDINGREDIENTE.NEXTVAL,'mYlKXgsslB','rGsAqWLzJQ','IBzlALJJth');
INSERT INTO INGREDIENTE (ID,NOMBRE,DESCRIPCION,TRADUCCION) VALUES (IDINGREDIENTE.NEXTVAL,'mmPWRFtLMD','JQQYEIlVHe','mYyurRqihB');
INSERT INTO INGREDIENTE (ID,NOMBRE,DESCRIPCION,TRADUCCION) VALUES (IDINGREDIENTE.NEXTVAL,'XJEOGAJUgx','tbaGqQYelI','qlDNTiAwIn');
INSERT INTO INGREDIENTE (ID,NOMBRE,DESCRIPCION,TRADUCCION) VALUES (IDINGREDIENTE.NEXTVAL,'ugciAbqaFu','gxCreRIygz','IJtOhBSorV');
INSERT INTO INGREDIENTE (ID,NOMBRE,DESCRIPCION,TRADUCCION) VALUES (IDINGREDIENTE.NEXTVAL,'DRrxUEDhgT','iKAaSgbufL','lsUYljKJXL');
INSERT INTO INGREDIENTE (ID,NOMBRE,DESCRIPCION,TRADUCCION) VALUES (IDINGREDIENTE.NEXTVAL,'DInwueVpaV','jibrAMKowf','JBdDOWvQYU');
INSERT INTO INGREDIENTE (ID,NOMBRE,DESCRIPCION,TRADUCCION) VALUES (IDINGREDIENTE.NEXTVAL,'oeeQSkmPBM','zVfNCYtVSJ','bReRauyBoN');
INSERT INTO INGREDIENTE (ID,NOMBRE,DESCRIPCION,TRADUCCION) VALUES (IDINGREDIENTE.NEXTVAL,'qFDjGkVnAN','uzUHJFTkLc','BdzSBPxBvM');
INSERT INTO INGREDIENTE (ID,NOMBRE,DESCRIPCION,TRADUCCION) VALUES (IDINGREDIENTE.NEXTVAL,'SHMHMGTgzk','dKbAEjYwSg','lHBYAybgwF');
INSERT INTO INGREDIENTE (ID,NOMBRE,DESCRIPCION,TRADUCCION) VALUES (IDINGREDIENTE.NEXTVAL,'FmbWvlEXTQ','oNkwwLEYCl','IEjAJsiSSI');
INSERT INTO INGREDIENTE (ID,NOMBRE,DESCRIPCION,TRADUCCION) VALUES (IDINGREDIENTE.NEXTVAL,'wNfmUrVhCN','wOeTrIiNuU','YNtANTBWxq');
INSERT INTO INGREDIENTE (ID,NOMBRE,DESCRIPCION,TRADUCCION) VALUES (IDINGREDIENTE.NEXTVAL,'pxFIPMzuon','cidBFXSXzc','PyJyTtnirp');
INSERT INTO INGREDIENTE (ID,NOMBRE,DESCRIPCION,TRADUCCION) VALUES (IDINGREDIENTE.NEXTVAL,'mwEKbAvaEE','OkSycFsqkc','aXbyTucfFJ');
--ZONAS
INSERT INTO ZONA (NOMBRE,CAPACIDAD,INGRESOESPECIAL,ABIERTAACTUALMENTE, CAPACIDADOCUPADA) VALUES ('gWIApQAXfg',46,1,1,36);
INSERT INTO ZONA (NOMBRE,CAPACIDAD,INGRESOESPECIAL,ABIERTAACTUALMENTE, CAPACIDADOCUPADA) VALUES ('HNpDDFaIkC',37,1,0,27);
INSERT INTO ZONA (NOMBRE,CAPACIDAD,INGRESOESPECIAL,ABIERTAACTUALMENTE, CAPACIDADOCUPADA) VALUES ('CKADrsiFQs',16,0,1,6);
INSERT INTO ZONA (NOMBRE,CAPACIDAD,INGRESOESPECIAL,ABIERTAACTUALMENTE, CAPACIDADOCUPADA) VALUES ('dEsVGtThAB',49,1,1,39);
INSERT INTO ZONA (NOMBRE,CAPACIDAD,INGRESOESPECIAL,ABIERTAACTUALMENTE, CAPACIDADOCUPADA) VALUES ('FmwMnunMQj',42,0,1,32);
INSERT INTO ZONA (NOMBRE,CAPACIDAD,INGRESOESPECIAL,ABIERTAACTUALMENTE, CAPACIDADOCUPADA) VALUES ('PrEHcgQCVs',22,1,1,12);
INSERT INTO ZONA (NOMBRE,CAPACIDAD,INGRESOESPECIAL,ABIERTAACTUALMENTE, CAPACIDADOCUPADA) VALUES ('ePFtTSFCcD',14,1,0,4);
INSERT INTO ZONA (NOMBRE,CAPACIDAD,INGRESOESPECIAL,ABIERTAACTUALMENTE, CAPACIDADOCUPADA) VALUES ('yMWevEeUvQ',4,0,0,0);
INSERT INTO ZONA (NOMBRE,CAPACIDAD,INGRESOESPECIAL,ABIERTAACTUALMENTE, CAPACIDADOCUPADA) VALUES ('HzGPaklKoH',12,0,0,2);
INSERT INTO ZONA (NOMBRE,CAPACIDAD,INGRESOESPECIAL,ABIERTAACTUALMENTE, CAPACIDADOCUPADA) VALUES ('wifGXCUOiQ',37,1,1,27);
INSERT INTO ZONA (NOMBRE,CAPACIDAD,INGRESOESPECIAL,ABIERTAACTUALMENTE, CAPACIDADOCUPADA) VALUES ('AuWVSCgqrG',25,0,0,15);
INSERT INTO ZONA (NOMBRE,CAPACIDAD,INGRESOESPECIAL,ABIERTAACTUALMENTE, CAPACIDADOCUPADA) VALUES ('cJeFDOSKYp',37,0,1,27);
INSERT INTO ZONA (NOMBRE,CAPACIDAD,INGRESOESPECIAL,ABIERTAACTUALMENTE, CAPACIDADOCUPADA) VALUES ('HvPByUvShn',49,1,0,39);
INSERT INTO ZONA (NOMBRE,CAPACIDAD,INGRESOESPECIAL,ABIERTAACTUALMENTE, CAPACIDADOCUPADA) VALUES ('vmOWELbDcV',27,0,0,17);
INSERT INTO ZONA (NOMBRE,CAPACIDAD,INGRESOESPECIAL,ABIERTAACTUALMENTE, CAPACIDADOCUPADA) VALUES ('WmdwknNEjl',28,0,1,18);
INSERT INTO ZONA (NOMBRE,CAPACIDAD,INGRESOESPECIAL,ABIERTAACTUALMENTE, CAPACIDADOCUPADA) VALUES ('orsNlxOTmq',6,1,1,0);
INSERT INTO ZONA (NOMBRE,CAPACIDAD,INGRESOESPECIAL,ABIERTAACTUALMENTE, CAPACIDADOCUPADA) VALUES ('JSfXzgalMY',46,1,0,36);
INSERT INTO ZONA (NOMBRE,CAPACIDAD,INGRESOESPECIAL,ABIERTAACTUALMENTE, CAPACIDADOCUPADA) VALUES ('YYyWKrelSC',16,1,1,6);
INSERT INTO ZONA (NOMBRE,CAPACIDAD,INGRESOESPECIAL,ABIERTAACTUALMENTE, CAPACIDADOCUPADA) VALUES ('fpSBufuVLY',16,1,1,6);
INSERT INTO ZONA (NOMBRE,CAPACIDAD,INGRESOESPECIAL,ABIERTAACTUALMENTE, CAPACIDADOCUPADA) VALUES ('NdBonITaYP',45,0,1,35);
INSERT INTO ZONA (NOMBRE,CAPACIDAD,INGRESOESPECIAL,ABIERTAACTUALMENTE, CAPACIDADOCUPADA) VALUES ('yRqgzXdmAx',5,1,0,0);
INSERT INTO ZONA (NOMBRE,CAPACIDAD,INGRESOESPECIAL,ABIERTAACTUALMENTE, CAPACIDADOCUPADA) VALUES ('cbHWEAHnuY',31,0,0,21);
INSERT INTO ZONA (NOMBRE,CAPACIDAD,INGRESOESPECIAL,ABIERTAACTUALMENTE, CAPACIDADOCUPADA) VALUES ('PwnImRqdNj',39,1,1,29);
INSERT INTO ZONA (NOMBRE,CAPACIDAD,INGRESOESPECIAL,ABIERTAACTUALMENTE, CAPACIDADOCUPADA) VALUES ('hquKwghhhi',11,1,0,1);
INSERT INTO ZONA (NOMBRE,CAPACIDAD,INGRESOESPECIAL,ABIERTAACTUALMENTE, CAPACIDADOCUPADA) VALUES ('AjqJsGjMDg',16,1,0,6);
--CONDICIONESZONA
INSERT INTO CONDICIONZONA VALUES ('MESEROS','gWIApQAXfg');
INSERT INTO CONDICIONZONA VALUES ('ESPACIO DE LISIADOS','gWIApQAXfg');
INSERT INTO CONDICIONZONA VALUES ('ESPACIO DE LISIADOS','CKADrsiFQs');
INSERT INTO CONDICIONZONA VALUES ('AUTOSERVICIO','CKADrsiFQs');
INSERT INTO CONDICIONZONA VALUES ('AIRE LIBRE','CKADrsiFQs');
INSERT INTO CONDICIONZONA VALUES ('MESEROS','CKADrsiFQs');
INSERT INTO CONDICIONZONA VALUES ('SIN CONDICIÓN','dEsVGtThAB');
INSERT INTO CONDICIONZONA VALUES ('VENTILADORES','dEsVGtThAB');
INSERT INTO CONDICIONZONA VALUES ('VENTILADORES','PrEHcgQCVs');
INSERT INTO CONDICIONZONA VALUES ('TIENE RAMPAS','PrEHcgQCVs');
INSERT INTO CONDICIONZONA VALUES ('ESPACIO DE LISIADOS','PrEHcgQCVs');
INSERT INTO CONDICIONZONA VALUES ('SIN CONDICIÓN','yMWevEeUvQ');
INSERT INTO CONDICIONZONA VALUES ('AUTOSERVICIO','HzGPaklKoH');
INSERT INTO CONDICIONZONA VALUES ('TELEVISIONES','wifGXCUOiQ');
INSERT INTO CONDICIONZONA VALUES ('VENTILADORES','wifGXCUOiQ');
INSERT INTO CONDICIONZONA VALUES ('VENTILADORES','AuWVSCgqrG');
INSERT INTO CONDICIONZONA VALUES ('SIN CONDICIÓN','AuWVSCgqrG');
INSERT INTO CONDICIONZONA VALUES ('AUTOSERVICIO','AuWVSCgqrG');
INSERT INTO CONDICIONZONA VALUES ('ESPACIO DE LISIADOS','cJeFDOSKYp');
INSERT INTO CONDICIONZONA VALUES ('AUTOSERVICIO','cJeFDOSKYp');
INSERT INTO CONDICIONZONA VALUES ('SIN CONDICIÓN','cJeFDOSKYp');
INSERT INTO CONDICIONZONA VALUES ('AIRE LIBRE','cJeFDOSKYp');
INSERT INTO CONDICIONZONA VALUES ('MESEROS','HvPByUvShn');
INSERT INTO CONDICIONZONA VALUES ('SIN CONDICIÓN','HvPByUvShn');
INSERT INTO CONDICIONZONA VALUES ('TELEVISIONES','HvPByUvShn');
INSERT INTO CONDICIONZONA VALUES ('ESPACIO DE LISIADOS','HvPByUvShn');
INSERT INTO CONDICIONZONA VALUES ('ESPACIO DE LISIADOS','vmOWELbDcV');
INSERT INTO CONDICIONZONA VALUES ('SIN CONDICIÓN','vmOWELbDcV');
INSERT INTO CONDICIONZONA VALUES ('AUTOSERVICIO','vmOWELbDcV');
INSERT INTO CONDICIONZONA VALUES ('MESEROS','vmOWELbDcV');
INSERT INTO CONDICIONZONA VALUES ('TELEVISIONES','orsNlxOTmq');
INSERT INTO CONDICIONZONA VALUES ('ESPACIO DE LISIADOS','orsNlxOTmq');
INSERT INTO CONDICIONZONA VALUES ('VENTILADORES','orsNlxOTmq');
INSERT INTO CONDICIONZONA VALUES ('TIENE RAMPAS','orsNlxOTmq');
INSERT INTO CONDICIONZONA VALUES ('VENTILADORES','JSfXzgalMY');
INSERT INTO CONDICIONZONA VALUES ('MESEROS','JSfXzgalMY');
INSERT INTO CONDICIONZONA VALUES ('VENTILADORES','YYyWKrelSC');
INSERT INTO CONDICIONZONA VALUES ('TIENE RAMPAS','YYyWKrelSC');
INSERT INTO CONDICIONZONA VALUES ('MESEROS','YYyWKrelSC');
INSERT INTO CONDICIONZONA VALUES ('ESPACIO DE LISIADOS','YYyWKrelSC');
INSERT INTO CONDICIONZONA VALUES ('ESPACIO DE LISIADOS','fpSBufuVLY');
INSERT INTO CONDICIONZONA VALUES ('TELEVISIONES','fpSBufuVLY');
INSERT INTO CONDICIONZONA VALUES ('ESCALERAS','fpSBufuVLY');
INSERT INTO CONDICIONZONA VALUES ('VENTILADORES','NdBonITaYP');
INSERT INTO CONDICIONZONA VALUES ('SIN CONDICIÓN','yRqgzXdmAx');
INSERT INTO CONDICIONZONA VALUES ('TIENE RAMPAS','yRqgzXdmAx');
INSERT INTO CONDICIONZONA VALUES ('MESEROS','cbHWEAHnuY');
INSERT INTO CONDICIONZONA VALUES ('AUTOSERVICIO','hquKwghhhi');
INSERT INTO CONDICIONZONA VALUES ('VENTILADORES','hquKwghhhi');
INSERT INTO CONDICIONZONA VALUES ('VENTILADORES','AjqJsGjMDg');

--PRODUCTO
INSERT INTO PRODUCTO (ID,NOMBRE,TIPO,PERSONALIZABLE,PRECIO,DESCRIPCION,TRADUCCION,COSTOPRODUCCION,TIEMPO) VALUES (1,'OkWjotDLeX','PLATO FUERTE',0,219.33767425947372,'nOqKROYhql','CdNWDkklSE',119.33767425947372,3.5755446172920036);
INSERT INTO PRODUCTO (ID,NOMBRE,TIPO,PERSONALIZABLE,PRECIO,DESCRIPCION,TRADUCCION,COSTOPRODUCCION,TIEMPO) VALUES (2,'wipROiQJRJ','PLATO FUERTE',0,261.4715449220425,'MaOUHDFJjv','nRFJXczVyg',161.47154492204248,55.881011684079404);
INSERT INTO PRODUCTO (ID,NOMBRE,TIPO,PERSONALIZABLE,PRECIO,DESCRIPCION,TRADUCCION,COSTOPRODUCCION,TIEMPO) VALUES (3,'biKxdRcBVq','ACOMPAÑAMIENTO',1,79.95538056581364,'zSYjikCQoX','wShRsHmirQ',0.0,5.990885745716746);
INSERT INTO PRODUCTO (ID,NOMBRE,TIPO,PERSONALIZABLE,PRECIO,DESCRIPCION,TRADUCCION,COSTOPRODUCCION,TIEMPO) VALUES (4,'ELatnrLtOP','PLATO FUERTE',1,10.820665993361068,'fEanfEfhvo','MQerpyUVIH',0.0,87.30230811109526);
INSERT INTO PRODUCTO (ID,NOMBRE,TIPO,PERSONALIZABLE,PRECIO,DESCRIPCION,TRADUCCION,COSTOPRODUCCION,TIEMPO) VALUES (5,'UqdJLCkeUc','ENTRADA',0,752.1838371653636,'sRwQKUIYfr','ojKlmXyONs',652.1838371653636,3.7116778822506635);
INSERT INTO PRODUCTO (ID,NOMBRE,TIPO,PERSONALIZABLE,PRECIO,DESCRIPCION,TRADUCCION,COSTOPRODUCCION,TIEMPO) VALUES (6,'MdMRWwkxfO','PLATO FUERTE',0,76.20811191837407,'geSbGonaMH','tjvsrImsMk',0.0,4.820307727760264);
INSERT INTO PRODUCTO (ID,NOMBRE,TIPO,PERSONALIZABLE,PRECIO,DESCRIPCION,TRADUCCION,COSTOPRODUCCION,TIEMPO) VALUES (7,'uEssJpvhxf','ACOMPAÑAMIENTO',0,612.7751705301645,'ymOIwYlAPI','Uqvzgtckbh',512.7751705301645,56.65540528699034);
INSERT INTO PRODUCTO (ID,NOMBRE,TIPO,PERSONALIZABLE,PRECIO,DESCRIPCION,TRADUCCION,COSTOPRODUCCION,TIEMPO) VALUES (8,'NHFhiuXoqb','ENTRADA',1,959.9782386885224,'RUaEhWlDlc','KWAohLrAAC',859.9782386885224,49.63707574831863);
INSERT INTO PRODUCTO (ID,NOMBRE,TIPO,PERSONALIZABLE,PRECIO,DESCRIPCION,TRADUCCION,COSTOPRODUCCION,TIEMPO) VALUES (9,'onXsolxzvC','ACOMPAÑAMIENTO',0,744.9608027151733,'wcMbbGOpDj','xBvXFcdwco',644.9608027151733,75.23496751145898);
INSERT INTO PRODUCTO (ID,NOMBRE,TIPO,PERSONALIZABLE,PRECIO,DESCRIPCION,TRADUCCION,COSTOPRODUCCION,TIEMPO) VALUES (10,'eGpjADcIyr','ACOMPAÑAMIENTO',0,107.56659094136323,'xvmjfYIQRd','EphwYnFWrY',7.566590941363231,80.2213399279556);
INSERT INTO PRODUCTO (ID,NOMBRE,TIPO,PERSONALIZABLE,PRECIO,DESCRIPCION,TRADUCCION,COSTOPRODUCCION,TIEMPO) VALUES (11,'yDzAgpuIRy','PLATO FUERTE',1,472.2146447844676,'BPdofxCmkj','TJOKOzOeQW',372.2146447844676,14.144598954166565);
INSERT INTO PRODUCTO (ID,NOMBRE,TIPO,PERSONALIZABLE,PRECIO,DESCRIPCION,TRADUCCION,COSTOPRODUCCION,TIEMPO) VALUES (12,'pefDQgPluH','ENTRADA',1,489.46976814896095,'FLOgUfipBB','FhAisIdpXw',389.46976814896095,27.185277764581485);
INSERT INTO PRODUCTO (ID,NOMBRE,TIPO,PERSONALIZABLE,PRECIO,DESCRIPCION,TRADUCCION,COSTOPRODUCCION,TIEMPO) VALUES (13,'GCapyJRDLm','PLATO FUERTE',1,12.668442873421949,'gomTNafPwF','rfwyGvNqbA',0.0,46.543648619124646);
INSERT INTO PRODUCTO (ID,NOMBRE,TIPO,PERSONALIZABLE,PRECIO,DESCRIPCION,TRADUCCION,COSTOPRODUCCION,TIEMPO) VALUES (14,'dqdClacafJ','ACOMPAÑAMIENTO',1,787.0373968021929,'VRTRztDVQr','jzhSALvoSV',687.0373968021929,68.63644064766122);
INSERT INTO PRODUCTO (ID,NOMBRE,TIPO,PERSONALIZABLE,PRECIO,DESCRIPCION,TRADUCCION,COSTOPRODUCCION,TIEMPO) VALUES (15,'GwIOLkpcjM','PLATO FUERTE',0,794.981448255647,'oJygrksOCX','eTFuUDeToV',694.981448255647,99.4030611130315);
INSERT INTO PRODUCTO (ID,NOMBRE,TIPO,PERSONALIZABLE,PRECIO,DESCRIPCION,TRADUCCION,COSTOPRODUCCION,TIEMPO) VALUES (16,'NLWuIyqjNi','PLATO FUERTE',1,563.2194477929463,'TlbwaABwLK','qTYEkhnYKy',463.2194477929463,67.75585182989309);
INSERT INTO PRODUCTO (ID,NOMBRE,TIPO,PERSONALIZABLE,PRECIO,DESCRIPCION,TRADUCCION,COSTOPRODUCCION,TIEMPO) VALUES (17,'TRCQUQgekx','ENTRADA',0,102.44276130210473,'dBRvFucpKK','bgieCayiyr',2.442761302104728,28.53317511375061);
INSERT INTO PRODUCTO (ID,NOMBRE,TIPO,PERSONALIZABLE,PRECIO,DESCRIPCION,TRADUCCION,COSTOPRODUCCION,TIEMPO) VALUES (18,'pdcPQCvyEo','PLATO FUERTE',0,941.0053686512512,'tYCVUdxApv','bYADJtLbsf',841.0053686512512,76.16982845691096);
INSERT INTO PRODUCTO (ID,NOMBRE,TIPO,PERSONALIZABLE,PRECIO,DESCRIPCION,TRADUCCION,COSTOPRODUCCION,TIEMPO) VALUES (19,'uhxLTjeoTw','ENTRADA',1,119.31158787188056,'pELcpyprEU','UfnevWUVOj',19.311587871880562,62.690442196402216);
INSERT INTO PRODUCTO (ID,NOMBRE,TIPO,PERSONALIZABLE,PRECIO,DESCRIPCION,TRADUCCION,COSTOPRODUCCION,TIEMPO) VALUES (20,'lBoBzbNkhK','ENTRADA',1,235.14141011883206,'dlwmkLibom','LsULHullVR',135.14141011883206,71.62440559040255);
INSERT INTO PRODUCTO (ID,NOMBRE,TIPO,PERSONALIZABLE,PRECIO,DESCRIPCION,TRADUCCION,COSTOPRODUCCION,TIEMPO) VALUES (21,'coCsuqnLXY','ACOMPAÑAMIENTO',0,141.87708316906634,'rMHfDgvxAy','uvQDTDbjKN',41.87708316906634,50.16456899065162);
INSERT INTO PRODUCTO (ID,NOMBRE,TIPO,PERSONALIZABLE,PRECIO,DESCRIPCION,TRADUCCION,COSTOPRODUCCION,TIEMPO) VALUES (22,'wvRJzAsOcN','ACOMPAÑAMIENTO',1,686.8154189255455,'StBurdEdwv','fvedoouKrs',586.8154189255455,66.53769959583012);
INSERT INTO PRODUCTO (ID,NOMBRE,TIPO,PERSONALIZABLE,PRECIO,DESCRIPCION,TRADUCCION,COSTOPRODUCCION,TIEMPO) VALUES (23,'VUnFlCjDao','ACOMPAÑAMIENTO',0,686.4459937810223,'fwjppPRMFO','kjdDNznzsn',586.4459937810223,98.37646174848581);
INSERT INTO PRODUCTO (ID,NOMBRE,TIPO,PERSONALIZABLE,PRECIO,DESCRIPCION,TRADUCCION,COSTOPRODUCCION,TIEMPO) VALUES (24,'BtmOfUwwbl','PLATO FUERTE',1,936.3491473835624,'GMqlOxwVAA','vQmASgGwjc',836.3491473835624,95.1969382716377);
INSERT INTO PRODUCTO (ID,NOMBRE,TIPO,PERSONALIZABLE,PRECIO,DESCRIPCION,TRADUCCION,COSTOPRODUCCION,TIEMPO) VALUES (25,'xByCnqOKBo','PLATO FUERTE',0,477.4430030846105,'iHbqcUtCXk','FJWWpxXbtN',377.4430030846105,7.271271581146344);

--USUARIOS
INSERT INTO USUARIO (ID,CORREO,NOMBRE,ROL) VALUES (1,'EukUDmzuhD','UcXBJVsSKQ','LOCAL');
INSERT INTO USUARIO (ID,CORREO,NOMBRE,ROL) VALUES (2,'hgyMfXIrGL','xSkjWRoQGb','OPERADOR');
INSERT INTO USUARIO (ID,CORREO,NOMBRE,ROL) VALUES (3,'ybKIAcESLq','DuOWMDtTXK','LOCAL');
INSERT INTO USUARIO (ID,CORREO,NOMBRE,ROL) VALUES (4,'VMqRzgTHUm','IrviIxAhoG','LOCAL');
INSERT INTO USUARIO (ID,CORREO,NOMBRE,ROL) VALUES (5,'IeritwOiDu','FKVrhXQkqA','CLIENTE');
INSERT INTO USUARIO (ID,CORREO,NOMBRE,ROL) VALUES (6,'LOrcHXClRF','lwzxzxDDYw','CLIENTE');
INSERT INTO USUARIO (ID,CORREO,NOMBRE,ROL) VALUES (7,'GdKjFJQXtp','ohFEFvqoYe','LOCAL');
INSERT INTO USUARIO (ID,CORREO,NOMBRE,ROL) VALUES (8,'lEtDwnEJuu','vWFSCEENLN','CLIENTE');
INSERT INTO USUARIO (ID,CORREO,NOMBRE,ROL) VALUES (9,'tgsfWlWnwO','bfKimQqUmy','LOCAL');
INSERT INTO USUARIO (ID,CORREO,NOMBRE,ROL) VALUES (10,'zGaoEPjqns','eUgamqNcjl','OPERADOR');
INSERT INTO USUARIO (ID,CORREO,NOMBRE,ROL) VALUES (11,'CNOGTcsecQ','EJWPlPeFVm','OPERADOR');
INSERT INTO USUARIO (ID,CORREO,NOMBRE,ROL) VALUES (12,'dblMCWvtab','AWpWHHJOuH','CLIENTE');
INSERT INTO USUARIO (ID,CORREO,NOMBRE,ROL) VALUES (13,'YimGIgsmIm','AnkTdUXOyf','OPERADOR');
INSERT INTO USUARIO (ID,CORREO,NOMBRE,ROL) VALUES (14,'fGwynDsfNB','jORoATxWjv','OPERADOR');
INSERT INTO USUARIO (ID,CORREO,NOMBRE,ROL) VALUES (15,'crVYYCEuVS','zdHxiXbLLN','CLIENTE');
INSERT INTO USUARIO (ID,CORREO,NOMBRE,ROL) VALUES (16,'retFFrlaql','izQGTNIILW','CLIENTE');
INSERT INTO USUARIO (ID,CORREO,NOMBRE,ROL) VALUES (17,'hDpfNsrUha','ucrhucPqvv','OPERADOR');
INSERT INTO USUARIO (ID,CORREO,NOMBRE,ROL) VALUES (18,'wwOSdHjoxr','GXDXaNSOae','OPERADOR');
INSERT INTO USUARIO (ID,CORREO,NOMBRE,ROL) VALUES (19,'gMoKobLnGB','odRqLLVDPX','CLIENTE');
INSERT INTO USUARIO (ID,CORREO,NOMBRE,ROL) VALUES (20,'wXbngySIUj','DKuWzKpQGc','OPERADOR');
INSERT INTO USUARIO (ID,CORREO,NOMBRE,ROL) VALUES (21,'IKxJDQopce','KrQyzImXNz','OPERADOR');
INSERT INTO USUARIO (ID,CORREO,NOMBRE,ROL) VALUES (22,'RUMdzuObGy','kWQouTotiM','LOCAL');
INSERT INTO USUARIO (ID,CORREO,NOMBRE,ROL) VALUES (23,'adWRiaWCcO','NLLeDDauzh','OPERADOR');
INSERT INTO USUARIO (ID,CORREO,NOMBRE,ROL) VALUES (24,'QSluJBuGdq','XLOFwadTIx','OPERADOR');
INSERT INTO USUARIO (ID,CORREO,NOMBRE,ROL) VALUES (25,'pSAXBLgnbL','ArXhbniIqb','OPERADOR');
INSERT INTO USUARIO (ID,CORREO,NOMBRE,ROL) VALUES (26,'VQkDlWQLbm','KandviNDdL','LOCAL');
INSERT INTO USUARIO (ID,CORREO,NOMBRE,ROL) VALUES (27,'TAPsKnQIUu','KfdiLtGiNq','LOCAL');
INSERT INTO USUARIO (ID,CORREO,NOMBRE,ROL) VALUES (28,'eSvgmijPMQ','VGprGcscqD','CLIENTE');
INSERT INTO USUARIO (ID,CORREO,NOMBRE,ROL) VALUES (29,'uDLsheaRyQ','HfuBdGtmIq','OPERADOR');
INSERT INTO USUARIO (ID,CORREO,NOMBRE,ROL) VALUES (30,'uYSAvmqQrf','HPIywoCkSo','LOCAL');
INSERT INTO USUARIO (ID,CORREO,NOMBRE,ROL) VALUES (31,'OJOmNgEurc','HLYinPtJmW','OPERADOR');
INSERT INTO USUARIO (ID,CORREO,NOMBRE,ROL) VALUES (32,'zWvtizmGXG','symFwYABVF','OPERADOR');
INSERT INTO USUARIO (ID,CORREO,NOMBRE,ROL) VALUES (33,'OtEyBHAKaV','mXXnoaPByz','LOCAL');
INSERT INTO USUARIO (ID,CORREO,NOMBRE,ROL) VALUES (34,'omGymFxtNr','XFMntQgsCy','OPERADOR');
INSERT INTO USUARIO (ID,CORREO,NOMBRE,ROL) VALUES (35,'esFhySQsjs','ocfJmzwRkH','LOCAL');
INSERT INTO USUARIO (ID,CORREO,NOMBRE,ROL) VALUES (36,'LNfLYLnYNM','SHXbKyhdqy','CLIENTE');
INSERT INTO USUARIO (ID,CORREO,NOMBRE,ROL) VALUES (37,'aTzGjriSSA','CSAJXnRbWX','LOCAL');
INSERT INTO USUARIO (ID,CORREO,NOMBRE,ROL) VALUES (38,'YFeDQiVvWu','SUmrVHVAXf','LOCAL');
INSERT INTO USUARIO (ID,CORREO,NOMBRE,ROL) VALUES (39,'TMokvMbwwP','dxrjjqgETn','OPERADOR');
INSERT INTO USUARIO (ID,CORREO,NOMBRE,ROL) VALUES (40,'rrdDzNJIpR','LdiGwGzEXX','LOCAL');
INSERT INTO USUARIO (ID,CORREO,NOMBRE,ROL) VALUES (41,'xNDzJWmABz','GIgsJPGCep','OPERADOR');
INSERT INTO USUARIO (ID,CORREO,NOMBRE,ROL) VALUES (42,'LjeneSklte','IyXhFJKEdQ','LOCAL');
INSERT INTO USUARIO (ID,CORREO,NOMBRE,ROL) VALUES (43,'BniaPLzGpC','wxDTxcmJEx','CLIENTE');
INSERT INTO USUARIO (ID,CORREO,NOMBRE,ROL) VALUES (44,'oHtfHrryYc','umKCQIhrWk','OPERADOR');
INSERT INTO USUARIO (ID,CORREO,NOMBRE,ROL) VALUES (45,'KfSMKNQzNs','bpIDdpJaSN','LOCAL');
INSERT INTO USUARIO (ID,CORREO,NOMBRE,ROL) VALUES (46,'rqBRUjeNJy','RPFJlCSsUw','LOCAL');
INSERT INTO USUARIO (ID,CORREO,NOMBRE,ROL) VALUES (47,'OHoFIvgsSB','scNoBjbhWu','LOCAL');
INSERT INTO USUARIO (ID,CORREO,NOMBRE,ROL) VALUES (48,'cyHmlGePaF','NukvzDMaNM','OPERADOR');
INSERT INTO USUARIO (ID,CORREO,NOMBRE,ROL) VALUES (49,'iASMShDXYJ','goXioblwAk','CLIENTE');
INSERT INTO USUARIO (ID,CORREO,NOMBRE,ROL) VALUES (50,'rmDMRrVLOU','HeToDUcefz','OPERADOR');


--PREFERENCIAS
INSERT INTO PREFERENCIA (IDUSUARIO,PRECIOINICIAL,PRECIOFINAL) VALUES (1,5.318279207531262,105.31827920753126);
INSERT INTO PREFERENCIA (IDUSUARIO,PRECIOINICIAL,PRECIOFINAL) VALUES (32,99.93546657129617,199.93546657129616);
INSERT INTO PREFERENCIA (IDUSUARIO,PRECIOINICIAL,PRECIOFINAL) VALUES (27,58.62930455833934,158.62930455833936);
INSERT INTO PREFERENCIA (IDUSUARIO,PRECIOINICIAL,PRECIOFINAL) VALUES (9,90.04474659970705,190.04474659970705);
INSERT INTO PREFERENCIA (IDUSUARIO,PRECIOINICIAL,PRECIOFINAL) VALUES (23,60.68726237942008,160.68726237942008);
INSERT INTO PREFERENCIA (IDUSUARIO,PRECIOINICIAL,PRECIOFINAL) VALUES (6,30.67762880690893,130.67762880690893);
INSERT INTO PREFERENCIA (IDUSUARIO,PRECIOINICIAL,PRECIOFINAL) VALUES (44,86.94175761054848,186.94175761054848);
INSERT INTO PREFERENCIA (IDUSUARIO,PRECIOINICIAL,PRECIOFINAL) VALUES (34,35.264597552964275,135.2645975529643);
INSERT INTO PREFERENCIA (IDUSUARIO,PRECIOINICIAL,PRECIOFINAL) VALUES (16,68.68920153483425,168.68920153483424);
INSERT INTO PREFERENCIA (IDUSUARIO,PRECIOINICIAL,PRECIOFINAL) VALUES (2,37.34435247172689,137.3443524717269);
INSERT INTO PREFERENCIA (IDUSUARIO,PRECIOINICIAL,PRECIOFINAL) VALUES (11,14.517625810926127,114.51762581092612);
INSERT INTO PREFERENCIA (IDUSUARIO,PRECIOINICIAL,PRECIOFINAL) VALUES (8,58.25474149890648,158.25474149890647);
INSERT INTO PREFERENCIA (IDUSUARIO,PRECIOINICIAL,PRECIOFINAL) VALUES (14,11.724231325407208,111.7242313254072);
INSERT INTO PREFERENCIA (IDUSUARIO,PRECIOINICIAL,PRECIOFINAL) VALUES (40,36.77171240665417,136.77171240665416);
INSERT INTO PREFERENCIA (IDUSUARIO,PRECIOINICIAL,PRECIOFINAL) VALUES (43,9.425919351351464,109.42591935135147);
INSERT INTO PREFERENCIA (IDUSUARIO,PRECIOINICIAL,PRECIOFINAL) VALUES (20,95.44759264355149,195.4475926435515);
INSERT INTO PREFERENCIA (IDUSUARIO,PRECIOINICIAL,PRECIOFINAL) VALUES (18,38.04537106095266,138.04537106095268);
INSERT INTO PREFERENCIA (IDUSUARIO,PRECIOINICIAL,PRECIOFINAL) VALUES (28,6.5500190568435475,106.55001905684355);
INSERT INTO PREFERENCIA (IDUSUARIO,PRECIOINICIAL,PRECIOFINAL) VALUES (37,78.82298723517667,178.82298723517667);
INSERT INTO PREFERENCIA (IDUSUARIO,PRECIOINICIAL,PRECIOFINAL) VALUES (39,28.874123035771238,128.87412303577125);




--PREFERENCIACATEGORIA
INSERT INTO PREFERENCIACATEGORIA VALUES (1,'EXPRÉS');
INSERT INTO PREFERENCIACATEGORIA VALUES (1,'PICANTE');
INSERT INTO PREFERENCIACATEGORIA VALUES (32,'AMERICANO');
INSERT INTO PREFERENCIACATEGORIA VALUES (32,'HINDÚ');
INSERT INTO PREFERENCIACATEGORIA VALUES (27,'AMERICANO');
INSERT INTO PREFERENCIACATEGORIA VALUES (27,'EXPRÉS');
INSERT INTO PREFERENCIACATEGORIA VALUES (27,'ÁRABE');
INSERT INTO PREFERENCIACATEGORIA VALUES (27,'PICANTE');
INSERT INTO PREFERENCIACATEGORIA VALUES (9,'HINDÚ');
INSERT INTO PREFERENCIACATEGORIA VALUES (9,'ITALIANO');
INSERT INTO PREFERENCIACATEGORIA VALUES (9,'AMERICANO');
INSERT INTO PREFERENCIACATEGORIA VALUES (23,'PICANTE');
INSERT INTO PREFERENCIACATEGORIA VALUES (23,'HINDÚ');
INSERT INTO PREFERENCIACATEGORIA VALUES (23,'AMERICANO');
INSERT INTO PREFERENCIACATEGORIA VALUES (6,'DULCE');
INSERT INTO PREFERENCIACATEGORIA VALUES (6,'HINDÚ');
INSERT INTO PREFERENCIACATEGORIA VALUES (6,'PICANTE');
INSERT INTO PREFERENCIACATEGORIA VALUES (44,'EXPRÉS');
INSERT INTO PREFERENCIACATEGORIA VALUES (44,'ITALIANO');
INSERT INTO PREFERENCIACATEGORIA VALUES (34,'MEXICANO');
INSERT INTO PREFERENCIACATEGORIA VALUES (16,'PICANTE');
INSERT INTO PREFERENCIACATEGORIA VALUES (2,'EXPRÉS');
INSERT INTO PREFERENCIACATEGORIA VALUES (2,'MEXICANO');
INSERT INTO PREFERENCIACATEGORIA VALUES (11,'PICANTE');
INSERT INTO PREFERENCIACATEGORIA VALUES (11,'ÁRABE');
INSERT INTO PREFERENCIACATEGORIA VALUES (11,'EXPRÉS');
INSERT INTO PREFERENCIACATEGORIA VALUES (11,'DULCE');
INSERT INTO PREFERENCIACATEGORIA VALUES (8,'ITALIANO');
INSERT INTO PREFERENCIACATEGORIA VALUES (8,'MEXICANO');
INSERT INTO PREFERENCIACATEGORIA VALUES (8,'EXPRÉS');
INSERT INTO PREFERENCIACATEGORIA VALUES (40,'HINDÚ');
INSERT INTO PREFERENCIACATEGORIA VALUES (40,'ÁRABE');
INSERT INTO PREFERENCIACATEGORIA VALUES (40,'COLOMBIANO');
INSERT INTO PREFERENCIACATEGORIA VALUES (40,'DULCE');
INSERT INTO PREFERENCIACATEGORIA VALUES (43,'PICANTE');
INSERT INTO PREFERENCIACATEGORIA VALUES (43,'DULCE');
INSERT INTO PREFERENCIACATEGORIA VALUES (18,'MEXICANO');
INSERT INTO PREFERENCIACATEGORIA VALUES (18,'ITALIANO');
INSERT INTO PREFERENCIACATEGORIA VALUES (18,'PICANTE');
INSERT INTO PREFERENCIACATEGORIA VALUES (18,'DULCE');
INSERT INTO PREFERENCIACATEGORIA VALUES (37,'EXPRÉS');
INSERT INTO PREFERENCIACATEGORIA VALUES (39,'ÁRABE');
INSERT INTO PREFERENCIACATEGORIA VALUES (39,'MEXICANO');

--PREFERENCIAZONA
INSERT INTO PREFERENCIAZONA VALUES (1,'gWIApQAXfg');
INSERT INTO PREFERENCIAZONA VALUES (1,'PrEHcgQCVs');
INSERT INTO PREFERENCIAZONA VALUES (1,'YYyWKrelSC');
INSERT INTO PREFERENCIAZONA VALUES (9,'hquKwghhhi');
INSERT INTO PREFERENCIAZONA VALUES (9,'yMWevEeUvQ');
INSERT INTO PREFERENCIAZONA VALUES (6,'vmOWELbDcV');
INSERT INTO PREFERENCIAZONA VALUES (6,'yRqgzXdmAx');
INSERT INTO PREFERENCIAZONA VALUES (6,'HzGPaklKoH');
INSERT INTO PREFERENCIAZONA VALUES (6,'WmdwknNEjl');
INSERT INTO PREFERENCIAZONA VALUES (44,'HNpDDFaIkC');
INSERT INTO PREFERENCIAZONA VALUES (44,'hquKwghhhi');
INSERT INTO PREFERENCIAZONA VALUES (44,'ePFtTSFCcD');
INSERT INTO PREFERENCIAZONA VALUES (44,'NdBonITaYP');
INSERT INTO PREFERENCIAZONA VALUES (34,'ePFtTSFCcD');
INSERT INTO PREFERENCIAZONA VALUES (34,'HzGPaklKoH');
INSERT INTO PREFERENCIAZONA VALUES (16,'cJeFDOSKYp');
INSERT INTO PREFERENCIAZONA VALUES (16,'vmOWELbDcV');
INSERT INTO PREFERENCIAZONA VALUES (2,'cbHWEAHnuY');
INSERT INTO PREFERENCIAZONA VALUES (11,'PwnImRqdNj');
INSERT INTO PREFERENCIAZONA VALUES (11,'hquKwghhhi');
INSERT INTO PREFERENCIAZONA VALUES (8,'dEsVGtThAB');
INSERT INTO PREFERENCIAZONA VALUES (8,'PrEHcgQCVs');
INSERT INTO PREFERENCIAZONA VALUES (8,'HNpDDFaIkC');
INSERT INTO PREFERENCIAZONA VALUES (8,'gWIApQAXfg');
INSERT INTO PREFERENCIAZONA VALUES (40,'AuWVSCgqrG');
INSERT INTO PREFERENCIAZONA VALUES (40,'CKADrsiFQs');
INSERT INTO PREFERENCIAZONA VALUES (40,'ePFtTSFCcD');
INSERT INTO PREFERENCIAZONA VALUES (40,'gWIApQAXfg');
INSERT INTO PREFERENCIAZONA VALUES (43,'JSfXzgalMY');
INSERT INTO PREFERENCIAZONA VALUES (43,'ePFtTSFCcD');
INSERT INTO PREFERENCIAZONA VALUES (43,'cJeFDOSKYp');
INSERT INTO PREFERENCIAZONA VALUES (43,'PwnImRqdNj');
INSERT INTO PREFERENCIAZONA VALUES (20,'PwnImRqdNj');
INSERT INTO PREFERENCIAZONA VALUES (20,'YYyWKrelSC');
INSERT INTO PREFERENCIAZONA VALUES (20,'yRqgzXdmAx');
INSERT INTO PREFERENCIAZONA VALUES (20,'FmwMnunMQj');
INSERT INTO PREFERENCIAZONA VALUES (18,'CKADrsiFQs');
INSERT INTO PREFERENCIAZONA VALUES (37,'wifGXCUOiQ');
INSERT INTO PREFERENCIAZONA VALUES (37,'WmdwknNEjl');
INSERT INTO PREFERENCIAZONA VALUES (39,'WmdwknNEjl');



--CUENTA

INSERT INTO CUENTA (VALOR,NUMEROCUENTA,FECHA,IDUSUARIO) VALUES (234.54548749651258,'1',TO_DATE('8/3/2003 3:44:44','dd/mm/yyyy hh24:mi:ss'),34);
INSERT INTO CUENTA (VALOR,NUMEROCUENTA,FECHA,IDUSUARIO) VALUES (285.7200207611621,'2',TO_DATE('26/10/2005 8:53:56','dd/mm/yyyy hh24:mi:ss'),26);
INSERT INTO CUENTA (VALOR,NUMEROCUENTA,FECHA,IDUSUARIO) VALUES (146.44556407941622,'3',TO_DATE('17/6/1998 22:36:0','dd/mm/yyyy hh24:mi:ss'),31);
INSERT INTO CUENTA (VALOR,NUMEROCUENTA,FECHA,IDUSUARIO) VALUES (245.26290573829215,'4',TO_DATE('26/10/2002 18:8:46','dd/mm/yyyy hh24:mi:ss'),35);
INSERT INTO CUENTA (VALOR,NUMEROCUENTA,FECHA,IDUSUARIO) VALUES (168.3656080761985,'5',TO_DATE('15/10/2010 13:24:26','dd/mm/yyyy hh24:mi:ss'),34);
INSERT INTO CUENTA (VALOR,NUMEROCUENTA,FECHA,IDUSUARIO) VALUES (26.576429538292413,'6',TO_DATE('15/11/2002 21:31:29','dd/mm/yyyy hh24:mi:ss'),46);
INSERT INTO CUENTA (VALOR,NUMEROCUENTA,FECHA,IDUSUARIO) VALUES (275.7600938689223,'7',TO_DATE('15/11/1999 2:26:32','dd/mm/yyyy hh24:mi:ss'),25);
INSERT INTO CUENTA (VALOR,NUMEROCUENTA,FECHA,IDUSUARIO) VALUES (169.9691479768101,'8',TO_DATE('11/4/2007 9:25:5','dd/mm/yyyy hh24:mi:ss'),49);
INSERT INTO CUENTA (VALOR,NUMEROCUENTA,FECHA,IDUSUARIO) VALUES (201.61988805467746,'9',TO_DATE('8/10/2008 8:23:2','dd/mm/yyyy hh24:mi:ss'),22);
INSERT INTO CUENTA (VALOR,NUMEROCUENTA,FECHA,IDUSUARIO) VALUES (157.99517372006616,'10',TO_DATE('9/4/1999 17:15:54','dd/mm/yyyy hh24:mi:ss'),32);
INSERT INTO CUENTA (VALOR,NUMEROCUENTA,FECHA,IDUSUARIO) VALUES (98.3710404686581,'11',TO_DATE('6/7/2010 10:40:35','dd/mm/yyyy hh24:mi:ss'),29);
INSERT INTO CUENTA (VALOR,NUMEROCUENTA,FECHA,IDUSUARIO) VALUES (231.06392797167078,'12',TO_DATE('15/9/2015 6:13:23','dd/mm/yyyy hh24:mi:ss'),43);
INSERT INTO CUENTA (VALOR,NUMEROCUENTA,FECHA,IDUSUARIO) VALUES (244.69548144729114,'13',TO_DATE('17/8/2006 12:32:32','dd/mm/yyyy hh24:mi:ss'),21);
INSERT INTO CUENTA (VALOR,NUMEROCUENTA,FECHA,IDUSUARIO) VALUES (222.9717235211561,'14',TO_DATE('4/5/2002 18:7:39','dd/mm/yyyy hh24:mi:ss'),42);
INSERT INTO CUENTA (VALOR,NUMEROCUENTA,FECHA,IDUSUARIO) VALUES (247.2735471003205,'15',TO_DATE('17/10/2007 3:45:37','dd/mm/yyyy hh24:mi:ss'),10);
INSERT INTO CUENTA (VALOR,NUMEROCUENTA,FECHA,IDUSUARIO) VALUES (66.35530208880482,'16',TO_DATE('5/1/1999 11:50:51','dd/mm/yyyy hh24:mi:ss'),2);
INSERT INTO CUENTA (VALOR,NUMEROCUENTA,FECHA,IDUSUARIO) VALUES (287.44845105607817,'17',TO_DATE('13/4/2014 8:5:1','dd/mm/yyyy hh24:mi:ss'),44);
INSERT INTO CUENTA (VALOR,NUMEROCUENTA,FECHA,IDUSUARIO) VALUES (18.067149388015615,'18',TO_DATE('25/6/2008 14:8:38','dd/mm/yyyy hh24:mi:ss'),46);
INSERT INTO CUENTA (VALOR,NUMEROCUENTA,FECHA,IDUSUARIO) VALUES (62.812539512226685,'19',TO_DATE('20/4/2007 11:23:17','dd/mm/yyyy hh24:mi:ss'),45);
INSERT INTO CUENTA (VALOR,NUMEROCUENTA,FECHA,IDUSUARIO) VALUES (154.47277789500973,'20',TO_DATE('13/4/2006 13:58:2','dd/mm/yyyy hh24:mi:ss'),2);
INSERT INTO CUENTA (VALOR,NUMEROCUENTA,FECHA,IDUSUARIO) VALUES (73.71551064108206,'21',TO_DATE('24/8/1997 1:30:28','dd/mm/yyyy hh24:mi:ss'),17);
INSERT INTO CUENTA (VALOR,NUMEROCUENTA,FECHA,IDUSUARIO) VALUES (186.66982309886095,'22',TO_DATE('1/3/2008 7:13:38','dd/mm/yyyy hh24:mi:ss'),21);
INSERT INTO CUENTA (VALOR,NUMEROCUENTA,FECHA,IDUSUARIO) VALUES (4.69443518180217,'23',TO_DATE('20/10/2004 17:39:24','dd/mm/yyyy hh24:mi:ss'),2);
INSERT INTO CUENTA (VALOR,NUMEROCUENTA,FECHA,IDUSUARIO) VALUES (45.62904487398999,'24',TO_DATE('5/4/2006 16:50:18','dd/mm/yyyy hh24:mi:ss'),23);
INSERT INTO CUENTA (VALOR,NUMEROCUENTA,FECHA,IDUSUARIO) VALUES (50.825714565064985,'25',TO_DATE('11/10/2009 22:46:53','dd/mm/yyyy hh24:mi:ss'),4);
INSERT INTO CUENTA (VALOR,NUMEROCUENTA,FECHA,IDUSUARIO) VALUES (187.25717362542053,'26',TO_DATE('25/6/2011 16:29:55','dd/mm/yyyy hh24:mi:ss'),11);
INSERT INTO CUENTA (VALOR,NUMEROCUENTA,FECHA,IDUSUARIO) VALUES (238.99886257635356,'27',TO_DATE('24/3/2008 9:16:15','dd/mm/yyyy hh24:mi:ss'),16);
INSERT INTO CUENTA (VALOR,NUMEROCUENTA,FECHA,IDUSUARIO) VALUES (267.38167496754517,'28',TO_DATE('19/10/1999 20:35:50','dd/mm/yyyy hh24:mi:ss'),5);
INSERT INTO CUENTA (VALOR,NUMEROCUENTA,FECHA,IDUSUARIO) VALUES (294.11220219999,'29',TO_DATE('7/4/2015 21:46:40','dd/mm/yyyy hh24:mi:ss'),5);
INSERT INTO CUENTA (VALOR,NUMEROCUENTA,FECHA,IDUSUARIO) VALUES (236.65736364600096,'30',TO_DATE('1/9/2004 14:45:16','dd/mm/yyyy hh24:mi:ss'),47);
INSERT INTO CUENTA (VALOR,NUMEROCUENTA,FECHA,IDUSUARIO) VALUES (200.1903904721241,'31',TO_DATE('12/11/2008 17:13:58','dd/mm/yyyy hh24:mi:ss'),2);
INSERT INTO CUENTA (VALOR,NUMEROCUENTA,FECHA,IDUSUARIO) VALUES (105.39487340817786,'32',TO_DATE('19/6/2015 10:52:31','dd/mm/yyyy hh24:mi:ss'),29);
INSERT INTO CUENTA (VALOR,NUMEROCUENTA,FECHA,IDUSUARIO) VALUES (106.42389427725773,'33',TO_DATE('25/6/1999 18:1:12','dd/mm/yyyy hh24:mi:ss'),11);
INSERT INTO CUENTA (VALOR,NUMEROCUENTA,FECHA,IDUSUARIO) VALUES (28.311043172062412,'34',TO_DATE('22/3/2004 13:18:2','dd/mm/yyyy hh24:mi:ss'),35);
INSERT INTO CUENTA (VALOR,NUMEROCUENTA,FECHA,IDUSUARIO) VALUES (28.130240509543714,'35',TO_DATE('19/9/2001 9:31:26','dd/mm/yyyy hh24:mi:ss'),10);
INSERT INTO CUENTA (VALOR,NUMEROCUENTA,FECHA,IDUSUARIO) VALUES (259.20115914371416,'36',TO_DATE('20/11/2012 21:49:17','dd/mm/yyyy hh24:mi:ss'),11);
INSERT INTO CUENTA (VALOR,NUMEROCUENTA,FECHA,IDUSUARIO) VALUES (92.63723505901396,'37',TO_DATE('25/1/2016 4:34:42','dd/mm/yyyy hh24:mi:ss'),25);
INSERT INTO CUENTA (VALOR,NUMEROCUENTA,FECHA,IDUSUARIO) VALUES (225.53305064820043,'38',TO_DATE('3/6/2005 17:50:37','dd/mm/yyyy hh24:mi:ss'),1);
INSERT INTO CUENTA (VALOR,NUMEROCUENTA,FECHA,IDUSUARIO) VALUES (280.0879963957172,'39',TO_DATE('14/6/2009 8:21:3','dd/mm/yyyy hh24:mi:ss'),1);
INSERT INTO CUENTA (VALOR,NUMEROCUENTA,FECHA,IDUSUARIO) VALUES (172.9631089643889,'40',TO_DATE('12/8/2000 20:8:42','dd/mm/yyyy hh24:mi:ss'),2);
INSERT INTO CUENTA (VALOR,NUMEROCUENTA,FECHA,IDUSUARIO) VALUES (109.1678998642574,'41',TO_DATE('27/8/2010 19:17:25','dd/mm/yyyy hh24:mi:ss'),39);
INSERT INTO CUENTA (VALOR,NUMEROCUENTA,FECHA,IDUSUARIO) VALUES (129.77412858076033,'42',TO_DATE('24/7/2005 2:51:11','dd/mm/yyyy hh24:mi:ss'),47);
INSERT INTO CUENTA (VALOR,NUMEROCUENTA,FECHA,IDUSUARIO) VALUES (217.75334551693837,'43',TO_DATE('3/9/2016 6:19:7','dd/mm/yyyy hh24:mi:ss'),36);
INSERT INTO CUENTA (VALOR,NUMEROCUENTA,FECHA,IDUSUARIO) VALUES (241.2350625143823,'44',TO_DATE('14/2/1997 11:23:44','dd/mm/yyyy hh24:mi:ss'),2);
INSERT INTO CUENTA (VALOR,NUMEROCUENTA,FECHA,IDUSUARIO) VALUES (288.4824947718378,'45',TO_DATE('3/7/2012 15:12:51','dd/mm/yyyy hh24:mi:ss'),34);
INSERT INTO CUENTA (VALOR,NUMEROCUENTA,FECHA,IDUSUARIO) VALUES (223.88264922473496,'46',TO_DATE('27/2/1998 17:3:30','dd/mm/yyyy hh24:mi:ss'),31);
INSERT INTO CUENTA (VALOR,NUMEROCUENTA,FECHA,IDUSUARIO) VALUES (69.24776802461075,'47',TO_DATE('19/5/2014 18:5:20','dd/mm/yyyy hh24:mi:ss'),26);
INSERT INTO CUENTA (VALOR,NUMEROCUENTA,FECHA,IDUSUARIO) VALUES (189.72486865407922,'48',TO_DATE('14/11/2000 15:49:47','dd/mm/yyyy hh24:mi:ss'),42);
INSERT INTO CUENTA (VALOR,NUMEROCUENTA,FECHA,IDUSUARIO) VALUES (38.61031108522176,'49',TO_DATE('12/6/2012 10:16:31','dd/mm/yyyy hh24:mi:ss'),28);
INSERT INTO CUENTA (VALOR,NUMEROCUENTA,FECHA,IDUSUARIO) VALUES (290.36633244755336,'50',TO_DATE('7/5/2013 12:5:10','dd/mm/yyyy hh24:mi:ss'),44);
INSERT INTO CUENTA (VALOR,NUMEROCUENTA,FECHA,IDUSUARIO) VALUES (66.13628515328426,'51',TO_DATE('26/10/2011 8:8:26','dd/mm/yyyy hh24:mi:ss'),42);
INSERT INTO CUENTA (VALOR,NUMEROCUENTA,FECHA,IDUSUARIO) VALUES (231.05554800329656,'52',TO_DATE('5/4/2006 6:6:58','dd/mm/yyyy hh24:mi:ss'),25);
INSERT INTO CUENTA (VALOR,NUMEROCUENTA,FECHA,IDUSUARIO) VALUES (117.65502727066459,'53',TO_DATE('19/1/2004 18:17:40','dd/mm/yyyy hh24:mi:ss'),2);
INSERT INTO CUENTA (VALOR,NUMEROCUENTA,FECHA,IDUSUARIO) VALUES (4.6539781215010345,'54',TO_DATE('1/5/1999 3:40:2','dd/mm/yyyy hh24:mi:ss'),11);
INSERT INTO CUENTA (VALOR,NUMEROCUENTA,FECHA,IDUSUARIO) VALUES (155.43915054175008,'55',TO_DATE('9/9/2007 3:52:15','dd/mm/yyyy hh24:mi:ss'),45);
INSERT INTO CUENTA (VALOR,NUMEROCUENTA,FECHA,IDUSUARIO) VALUES (195.5270817718518,'56',TO_DATE('27/2/2000 18:30:47','dd/mm/yyyy hh24:mi:ss'),25);
INSERT INTO CUENTA (VALOR,NUMEROCUENTA,FECHA,IDUSUARIO) VALUES (283.3064209536669,'57',TO_DATE('20/4/2012 0:6:28','dd/mm/yyyy hh24:mi:ss'),27);
INSERT INTO CUENTA (VALOR,NUMEROCUENTA,FECHA,IDUSUARIO) VALUES (203.35715045989568,'58',TO_DATE('14/6/2009 1:45:49','dd/mm/yyyy hh24:mi:ss'),45);
INSERT INTO CUENTA (VALOR,NUMEROCUENTA,FECHA,IDUSUARIO) VALUES (86.6435963159032,'59',TO_DATE('19/2/2011 5:56:54','dd/mm/yyyy hh24:mi:ss'),17);
INSERT INTO CUENTA (VALOR,NUMEROCUENTA,FECHA,IDUSUARIO) VALUES (236.8780720676164,'60',TO_DATE('21/4/2004 19:17:43','dd/mm/yyyy hh24:mi:ss'),5);
INSERT INTO CUENTA (VALOR,NUMEROCUENTA,FECHA,IDUSUARIO) VALUES (17.35208650336594,'61',TO_DATE('6/11/2004 13:3:23','dd/mm/yyyy hh24:mi:ss'),13);
INSERT INTO CUENTA (VALOR,NUMEROCUENTA,FECHA,IDUSUARIO) VALUES (27.53193052607533,'62',TO_DATE('27/8/1998 0:3:9','dd/mm/yyyy hh24:mi:ss'),31);
INSERT INTO CUENTA (VALOR,NUMEROCUENTA,FECHA,IDUSUARIO) VALUES (173.71552664501127,'63',TO_DATE('10/5/2008 3:49:19','dd/mm/yyyy hh24:mi:ss'),16);
INSERT INTO CUENTA (VALOR,NUMEROCUENTA,FECHA,IDUSUARIO) VALUES (113.04749719947121,'64',TO_DATE('22/11/2013 10:18:29','dd/mm/yyyy hh24:mi:ss'),45);
INSERT INTO CUENTA (VALOR,NUMEROCUENTA,FECHA,IDUSUARIO) VALUES (225.18918055660453,'65',TO_DATE('23/5/2004 16:41:44','dd/mm/yyyy hh24:mi:ss'),8);
INSERT INTO CUENTA (VALOR,NUMEROCUENTA,FECHA,IDUSUARIO) VALUES (140.9406117454451,'66',TO_DATE('15/8/2016 15:49:36','dd/mm/yyyy hh24:mi:ss'),44);
INSERT INTO CUENTA (VALOR,NUMEROCUENTA,FECHA,IDUSUARIO) VALUES (32.11126158940311,'67',TO_DATE('4/10/2007 11:35:55','dd/mm/yyyy hh24:mi:ss'),37);
INSERT INTO CUENTA (VALOR,NUMEROCUENTA,FECHA,IDUSUARIO) VALUES (41.93640998332141,'68',TO_DATE('2/1/2016 1:57:11','dd/mm/yyyy hh24:mi:ss'),35);
INSERT INTO CUENTA (VALOR,NUMEROCUENTA,FECHA,IDUSUARIO) VALUES (210.3361016043616,'69',TO_DATE('13/10/1999 3:39:35','dd/mm/yyyy hh24:mi:ss'),22);
INSERT INTO CUENTA (VALOR,NUMEROCUENTA,FECHA,IDUSUARIO) VALUES (23.313441238594145,'70',TO_DATE('22/3/2015 12:50:12','dd/mm/yyyy hh24:mi:ss'),10);
INSERT INTO CUENTA (VALOR,NUMEROCUENTA,FECHA,IDUSUARIO) VALUES (90.78921948086683,'71',TO_DATE('26/5/2016 22:3:41','dd/mm/yyyy hh24:mi:ss'),40);
INSERT INTO CUENTA (VALOR,NUMEROCUENTA,FECHA,IDUSUARIO) VALUES (132.16966845813585,'72',TO_DATE('16/11/2001 12:15:54','dd/mm/yyyy hh24:mi:ss'),24);
INSERT INTO CUENTA (VALOR,NUMEROCUENTA,FECHA,IDUSUARIO) VALUES (123.94424222134352,'73',TO_DATE('24/5/2001 8:58:51','dd/mm/yyyy hh24:mi:ss'),6);
INSERT INTO CUENTA (VALOR,NUMEROCUENTA,FECHA,IDUSUARIO) VALUES (138.6103175685166,'74',TO_DATE('8/1/1998 0:41:4','dd/mm/yyyy hh24:mi:ss'),7);
INSERT INTO CUENTA (VALOR,NUMEROCUENTA,FECHA,IDUSUARIO) VALUES (179.2216853572541,'75',TO_DATE('9/6/1999 13:0:21','dd/mm/yyyy hh24:mi:ss'),29);
INSERT INTO CUENTA (VALOR,NUMEROCUENTA,FECHA,IDUSUARIO) VALUES (188.85764536783256,'76',TO_DATE('11/9/2004 6:12:33','dd/mm/yyyy hh24:mi:ss'),36);
INSERT INTO CUENTA (VALOR,NUMEROCUENTA,FECHA,IDUSUARIO) VALUES (189.30967982828545,'77',TO_DATE('11/11/2007 16:24:41','dd/mm/yyyy hh24:mi:ss'),48);
INSERT INTO CUENTA (VALOR,NUMEROCUENTA,FECHA,IDUSUARIO) VALUES (278.28252089785786,'78',TO_DATE('12/11/2008 21:16:20','dd/mm/yyyy hh24:mi:ss'),40);
INSERT INTO CUENTA (VALOR,NUMEROCUENTA,FECHA,IDUSUARIO) VALUES (289.4064821670073,'79',TO_DATE('10/6/2006 22:52:49','dd/mm/yyyy hh24:mi:ss'),13);
INSERT INTO CUENTA (VALOR,NUMEROCUENTA,FECHA,IDUSUARIO) VALUES (194.35795664214442,'80',TO_DATE('8/1/2011 19:30:49','dd/mm/yyyy hh24:mi:ss'),6);
INSERT INTO CUENTA (VALOR,NUMEROCUENTA,FECHA,IDUSUARIO) VALUES (1.384931156717173,'81',TO_DATE('2/10/2002 4:13:0','dd/mm/yyyy hh24:mi:ss'),29);
INSERT INTO CUENTA (VALOR,NUMEROCUENTA,FECHA,IDUSUARIO) VALUES (79.53443085270308,'82',TO_DATE('16/5/2007 1:30:24','dd/mm/yyyy hh24:mi:ss'),26);
INSERT INTO CUENTA (VALOR,NUMEROCUENTA,FECHA,IDUSUARIO) VALUES (212.87872355754467,'83',TO_DATE('3/9/2016 10:29:1','dd/mm/yyyy hh24:mi:ss'),10);
INSERT INTO CUENTA (VALOR,NUMEROCUENTA,FECHA,IDUSUARIO) VALUES (264.0371731136783,'84',TO_DATE('10/11/2010 17:22:35','dd/mm/yyyy hh24:mi:ss'),6);
INSERT INTO CUENTA (VALOR,NUMEROCUENTA,FECHA,IDUSUARIO) VALUES (1.29063183539333,'85',TO_DATE('24/10/2000 4:5:25','dd/mm/yyyy hh24:mi:ss'),38);
INSERT INTO CUENTA (VALOR,NUMEROCUENTA,FECHA,IDUSUARIO) VALUES (218.58524103360392,'86',TO_DATE('13/10/2003 3:26:13','dd/mm/yyyy hh24:mi:ss'),40);
INSERT INTO CUENTA (VALOR,NUMEROCUENTA,FECHA,IDUSUARIO) VALUES (152.72250966670353,'87',TO_DATE('19/10/2015 12:10:49','dd/mm/yyyy hh24:mi:ss'),27);
INSERT INTO CUENTA (VALOR,NUMEROCUENTA,FECHA,IDUSUARIO) VALUES (77.03253782291023,'88',TO_DATE('4/7/2002 11:40:21','dd/mm/yyyy hh24:mi:ss'),14);
INSERT INTO CUENTA (VALOR,NUMEROCUENTA,FECHA,IDUSUARIO) VALUES (25.827275208839882,'89',TO_DATE('9/8/2010 14:16:22','dd/mm/yyyy hh24:mi:ss'),7);
INSERT INTO CUENTA (VALOR,NUMEROCUENTA,FECHA,IDUSUARIO) VALUES (78.9306746441931,'90',TO_DATE('22/1/2015 22:23:4','dd/mm/yyyy hh24:mi:ss'),24);
INSERT INTO CUENTA (VALOR,NUMEROCUENTA,FECHA,IDUSUARIO) VALUES (210.582664264906,'91',TO_DATE('7/11/2015 11:3:16','dd/mm/yyyy hh24:mi:ss'),45);
INSERT INTO CUENTA (VALOR,NUMEROCUENTA,FECHA,IDUSUARIO) VALUES (182.01370232216044,'92',TO_DATE('17/3/2013 16:23:6','dd/mm/yyyy hh24:mi:ss'),19);
INSERT INTO CUENTA (VALOR,NUMEROCUENTA,FECHA,IDUSUARIO) VALUES (31.98693439209398,'93',TO_DATE('9/6/2006 3:11:25','dd/mm/yyyy hh24:mi:ss'),4);
INSERT INTO CUENTA (VALOR,NUMEROCUENTA,FECHA,IDUSUARIO) VALUES (294.604719118779,'94',TO_DATE('3/8/2005 16:34:25','dd/mm/yyyy hh24:mi:ss'),10);
INSERT INTO CUENTA (VALOR,NUMEROCUENTA,FECHA,IDUSUARIO) VALUES (248.67642831142808,'95',TO_DATE('18/5/1998 16:37:7','dd/mm/yyyy hh24:mi:ss'),22);
INSERT INTO CUENTA (VALOR,NUMEROCUENTA,FECHA,IDUSUARIO) VALUES (77.944401512279,'96',TO_DATE('6/5/2003 19:7:23','dd/mm/yyyy hh24:mi:ss'),3);
INSERT INTO CUENTA (VALOR,NUMEROCUENTA,FECHA,IDUSUARIO) VALUES (296.464972031986,'97',TO_DATE('5/9/2011 22:53:53','dd/mm/yyyy hh24:mi:ss'),38);
INSERT INTO CUENTA (VALOR,NUMEROCUENTA,FECHA,IDUSUARIO) VALUES (268.4413261047404,'98',TO_DATE('23/2/2000 17:46:9','dd/mm/yyyy hh24:mi:ss'),2);
INSERT INTO CUENTA (VALOR,NUMEROCUENTA,FECHA,IDUSUARIO) VALUES (126.80521274278472,'99',TO_DATE('24/2/2005 6:37:28','dd/mm/yyyy hh24:mi:ss'),49);
INSERT INTO CUENTA (VALOR,NUMEROCUENTA,FECHA,IDUSUARIO) VALUES (269.84424135562705,'100',TO_DATE('22/8/2014 20:4:31','dd/mm/yyyy hh24:mi:ss'),30);

INSERT INTO USUARIO (ID,NOMBRE,CORREO,ROL) VALUES (0,'ADMIN','admin','OPERADOR');
 COMMIT;